日期,一房成交套数,一房成交面积,一房成交均价,一房可售套数,一房可售面积,二房成交套数,二房成交面积,二房成交均价,二房可售套数,二房可售面积,三房成交套数,三房成交面积,三房成交均价,三房可售套数,三房可售面积,四房成交套数,四房成交面积,四房成交均价,四房可售套数,四房可售面积,四房以上成交套数,四房以上成交面积,四房以上成交均价,四房以上可售套数,四房以上可售面积,复式成交套数,复式成交面积,复式成交均价,复式可售套数,复式可售面积,复式住宅成交套数,复式住宅成交面积,复式住宅成交均价,复式住宅可售套数,复式住宅可售面积,别墅成交套数,别墅成交面积,别墅成交均价,别墅可售套数,别墅可售面积,90平方米以下成交套数,90平方米以下成交面积,90平方米以下成交均价,90平方米以下成交金额,90~140平方米成交套数,90~140平方米成交面积,90~140平方米成交均价,90~140平方米成交金额,144平方米以上成交套数,144平方米以上成交面积,144平方米以上成交均价,144平方米以上成交金额,商业成交套数,商业成交面积,商业成交均价,商业可售套数,商业可售面积,办公楼成交套数,办公楼成交面积,办公楼成交均价,办公楼可售套数,办公楼可售面积,住宅成交套数,住宅成交面积,住宅成交均价,住宅可售套数,住宅可售面积
20160305,8,627.13,55900,5569,424665.14,79,6704.58,42459,15392,1301954.08,13,1563.40,41862,8250,951714.74,10,1194.19,54535,3395,653085.29,0,0,0,951,202266.97,1,158.51,60748,457,76296.41,1,136.36,40369,646,148002.96,0,0,0,28,12443.47,94,7909.83,44218,349759768,14,1753.61,42349,74263479,4,720.73,57454,41409175,17,791.99,35942,16400,1807438.91,0,0,0,3597,643011.44,112,10384.17,44821,35442,3841727.44
20160307,1,79.77,39694,5568,424585.37,13,1181.58,33732,15380,1300861.59,8,795.94,37514,8242,950918.80,6,826.73,46344,3389,652258.56,0,0,0,951,202266.97,0,0,0,457,76296.41,0,0,0,646,148002.96,0,0,0,28,12443.47,21,1793.19,41358,74162109,4,487.23,38590,18802161,3,603.60,30206,18232472,10,384.57,36457,16390,1807054.34,0,0,0,3597,643011.44,28,2884.02,38556,35415,3838932.51
20160309,4,282.60,64284,5512,420630.25,113,9654.56,44866,15155,1282055.36,27,3185.04,50108,8075,931087.33,19,3096.24,63281,3295,635594.53,6,1116.33,43383,945,201209.12,1,101.05,70457,454,75838.72,2,408.10,40184,643,147417.39,0,0,0,28,12443.47,126,10397.49,45467,472745539,34,4026.83,48335,194635390,16,3552.04,61302,217745887,24,1328.99,33290,16353,1804467.63,21,4918.08,54885,3573,638048.11,176,17976.36,49238,34842,3776311.30
20160311,6,574,46218,5480,417910.92,69,6275.11,37482,14964,1265172.84,33,3819.58,44777,8012,923868.47,53,8819.78,69512,3226,624380.97,8,1671.61,74013,929,198043.96,2,333.07,80899,451,75337.51,1,127.71,40557,641,146989.40,0,0,0,28,12443.47,80,6872.69,38048,261492331,38,4500.65,44519,200365151,54,10247.52,72196,739826177,49,5772.60,62012,16258,1796485.71,15,4479.75,49347,3556,633223.13,172,21620.86,55580,34435,3731945.05
20160314,0,0,0,5448,415433.11,22,1892.31,41466,14945,1261940.28,16,1810.88,56192,8039,924200.20,2,548.35,81116,3209,621622.95,0,0,0,926,197567.96,0,0,0,446,74794.45,0,0,0,641,147010.15,0,0,0,28,12443.47,29,2484.01,40730,101172742,6,732.60,67933,49767741,5,1034.93,71274,73763146,5,224.45,22282,15884,1758146.31,6,1588.50,42738,3398,592863.16,40,4251.54,52852,34386,3722810.08
20160315,10,840.79,73608,5436,414493.34,59,5258.48,48249,14863,1254681.05,12,1357.74,40048,8008,920717.75,5,535.61,47688,3140,613119.43,6,1100.91,39262,920,196467.05,0,0,0,443,73880.83,0,0,0,641,147010.15,0,0,0,28,12443.47,80,6242,48917,305337232,20,2213.53,45632,101007735,8,1484.60,48262,71650402,18,1014.76,45679,15656,1741213.99,6,312.95,54376,3390,592070.03,108,9940.13,48087,34167,3699763.98
20160317,23,1726.19,56707,5401,411596.88,58,4781.32,43461,14590,1231483.55,35,3765.61,39939,7936,912283.47,9,1555.29,62429,3124,610393.13,2,282.66,35481,916,195849.17,2,366.06,55146,440,73429.07,1,189,28436,638,146504.35,0,0,0,28,12443.47,106,8362.72,44471,371896802,22,2528.49,41361,104579699,13,2451.73,59653,146252314,30,2296.53,43664,15638,1747655.51,6,403.19,68746,3220,566924.95,141,13342.94,46671,33731,3659290.99
20160318,23,1902.21,57475,5378,409694.67,63,5410,33184,14549,1228101.04,31,3850.05,52683,7902,910306.63,20,3556.77,63865,3105,606970.73,5,824.39,62593,911,195024.78,0,0,0,440,73429.07,1,270.50,38416,637,146233.85,0,0,0,28,12443.47,95,8018.17,39397,315891703,18,2245.04,53330,119727886,30,5550.71,62192,345211918,78,7345.76,80485,15726,1754110.09,14,2857.35,69577,3284,569339.43,143,15813.92,49376,33608,3647512.14
20160320,17,1289.29,61955,5330,405618.11,47,3773.79,44942,14478,1222547.27,10,1023.27,44187,7693,887643.14,7,1402.32,76466,3019,594107.36,0,0,0,893,192397.64,4,741.73,57111,435,72426.24,0,0,0,630,144395.68,0,0,0,28,12443.47,71,5649.38,48683,275026934,2,240.90,37731,9089302,12,2340.12,68444,160167745,3,114.85,44023,15637,1740228.70,0,0,0,3278,569024.70,85,8230.40,53981,33132,3594606.39
20160321,2,138.95,20179,5276,400583.38,30,2573.17,31922,14400,1215547.79,7,788.72,49543,7667,884209.79,7,1230.87,65892,3012,592876.49,1,254.62,88220,892,192143.02,0,0,0,435,72426.24,2,406.76,36939,628,143988.92,0,0,0,28,12443.47,35,2978.67,31734,94524588,5,623.15,42497,26481991,9,1791.27,67888,121606583,11,630.44,36967,15626,1739598.26,0,0,0,3278,569024.70,49,5393.09,44986,32964,3577246.58
20160322,7,592.70,36011,5752,454932.88,50,4362.22,42369,14703,1269701.76,33,4305.75,51151,7827,943243.80,17,2731.16,71305,2886,577202.76,4,706.23,39669,889,191873.62,2,251.52,66385,440,74889.68,0,0,0,627,143727.69,0,0,0,28,12443.47,92,7399.59,41940,310339142,17,2233.77,47480,106058592,28,4850.72,64656,313627278,16,866.54,46114,15610,1738731.72,2,443.77,52159,3276,568580.93,137,14484.08,50402,33752,3729316.56
20160323,19,1668.95,45696,5502,433718.39,72,6235.90,36591,14460,1249220.65,23,2604.73,32686,7731,930734.21,10,1686.08,49614,2875,575046.52,0,0,0,889,191873.62,3,509.08,63209,437,74380.60,2,511.01,67066,619,142238.87,0,0,0,28,12443.47,122,10026.13,38747,388482634,21,2739.72,34640,94903429,8,1810.74,61973,112217323,21,1259.72,60442,16627,1802242.02,8,962.07,68916,3268,567618.86,151,14576.59,40860,33104,3668556.93
20160324,12,905.48,49256,5473,431767.31,73,6276.83,42418,14212,1227523.21,28,3448.64,53710,7661,922364.72,15,2769.75,67287,2863,573029.65,0,0,0,889,191873.62,1,174.67,42034,436,74205.93,0,0,0,619,142238.87,0,0,0,28,12443.47,111,9033.01,44550,402419231,16,1961.10,44894,88041405,20,3901.11,68269,266325593,20,1333.82,44208,16558,1797637.44,2,229.76,91313,3266,567389.10,147,14895.22,50807,32741,3634066.99
20160325,19,1549.29,40936,5577,440245.75,35,3004.10,42455,14299,1234499.59,23,2150.74,52971,7713,928776.62,17,1978.50,66185,2992,590049.28,5,956.68,37611,884,190916.94,1,85.70,49338,435,74120.23,1,190.84,32661,618,142048.03,0,0,0,28,12443.47,80,6749.98,44600,301047703,12,1406.87,59549,83777789,9,1759,55402,97452749,12,675.28,52017,17242,1836030.02,6,706.94,48742,3208,556846.82,101,9915.85,48637,33106,3671720.12
20160326,24,2794.26,87155,5506,433825.13,102,9211.96,48910,14177,1223629.34,41,4615.28,46934,7612,917941.37,34,6098.61,74165,2875,573070.24,3,505.91,84159,881,190411.03,1,168.14,80798,434,73952.09,0,0,0,624,142607.89,0,0,0,28,12443.47,126,10479.39,44148,462648710,27,3253.14,51253,166733781,53,9784.18,81244,794910029,17,980.90,35265,17111,1828413.39,5,642.32,52482,3203,556204.50,206,23516.71,60565,32696,3626378.22
20160327,17,1626.32,88373,5531,435382,67,6110.19,51917,14163,1221679.86,43,5441.27,35222,7608,918034.71,12,2382.49,77376,2863,570687.75,2,508.73,90862,880,190230.47,0,0,0,434,73952.09,0,0,0,624,142607.89,0,0,0,28,12443.47,80,6584.47,48650,320332659,40,5198.54,34490,179297082,23,4554.83,87395,398070671,25,1154.63,26066,17086,1827281.81,0,0,0,3203,556204.50,143,16337.84,54946,32688,3623247.06
20160328,1,88.87,39327,5443,426382.91,19,1655.59,36586,14032,1205858.33,15,1906.05,47352,7581,914533.42,6,780.85,56023,2856,569620.81,0,0,0,880,190230.47,1,85.71,27000,433,73866.38,0,0,0,624,142607.89,0,0,0,28,12443.47,24,2085.01,39659,82689448,13,1604.67,43474,69761570,5,827.39,57930,47930756,25,1193.68,30632,16770,1798067.41,0,0,0,3203,556204.50,42,4517.07,44361,32434,3593772.50
20160329,3,217.53,52671,5720,450910.82,48,4295.75,36879,13389,1152790.76,27,3518.05,42671,7998,980409.15,7,1170.90,68236,2849,568449.91,0,0,0,880,190230.47,4,401.77,69993,429,73464.61,2,393.99,66136,586,137629.55,0,0,0,28,12443.47,50,4285.04,38854,166490427,31,3822.75,44422,169814970,11,2012.17,60854,122448619,39,2901.82,64406,16741,1757037.58,5,629.75,53135,3021,536683.48,92,10119.96,45332,32435,3624435.59
20160330,4,301.42,70719,5718,450782.47,51,4531.78,40348,13339,1148346.24,29,3277.63,38415,8079,989993.68,5,820.46,64461,2881,574767.07,11,2136.35,67890,871,188676.17,0,0,0,429,73464.61,0,0,0,587,137951.37,0,0,0,28,12443.47,67,5584.71,42408,236838525,26,3284.68,37962,124691890,13,2672.12,70366,188025422,43,2749.38,54462,16697,1754078.77,8,2156.72,14494,3013,534526.76,106,11541.51,47616,32482,3634058.06
20160331,23,2255.49,54499,5733,451947.39,47,4006.90,43952,14067,1209806.04,25,3177.54,46006,8228,1022152.86,5,1057.18,73540,2951,583291.13,1,195.51,40361,870,188480.66,3,300.70,71988,426,73163.91,0,0,0,623,142535.72,0,0,0,28,12443.47,71,5953.80,43332,257992705,19,2340.30,47980,112288451,16,2891.30,66329,191777993,15,1309.43,41626,17187,1838544.91,7,1763.61,14763,3235,561542.37,106,11185.40,50249,33483,3741660.72
20160401,15,1310.15,33100,5725,451255.98,96,8356.62,40654,14012,1205581.32,43,5188.86,46643,8193,1018418.02,21,4003.88,70782,2940,581185.62,1,188.40,98056,869,188292.26,3,300.72,70320,423,72863.19,2,406.87,34589,621,142128.85,0,0,0,28,12443.47,113,9554.80,39727,379583260,46,5426.62,45099,244735249,22,4774.08,70777,337896735,9,1075.31,56349,17177,1837422.09,1,61.37,61158,3235,561641.54,181,19755.50,48706,33368,3730008.25
20160405,0,0,0,5298,421079.73,5,429.31,29997,12810,1103383.77,2,295.23,81666,7867,976864.22,3,269.16,54229,2853,561391.02,0,0,0,867,187925.48,0,0,0,420,71999.03,0,0,0,585,137544.50,0,0,0,28,12443.47,8,698.47,39335,27474484,4,505.36,53562,27068273,1,156.92,87281,13696159,9,832.73,43650,17093,1783056.35,0,0,0,2883,525680.13,13,1360.75,50148,31282,3530103.71
20160406,18,1575.07,39903,5283,419655.13,56,4797.23,35090,12865,1106541.77,36,4602.21,43756,8046,992869.48,13,2197.26,47704,2891,564337.70,1,197.72,38770,867,187855.16,3,302.34,72119,421,72494.10,0,0,0,585,137544.50,0,0,0,28,12443.47,79,6692.28,36568,244722331,34,4287.64,43992,188619728,14,2691.91,49596,133507030,8,815.29,99266,16873,1767829.64,6,1005.43,70917,2932,540567.58,127,13671.83,41461,31540,3551213.80
20160407,10,807.65,45733,5273,418847.48,46,4085.32,41070,13010,1118439.17,22,2591.58,41053,8346,1017891.01,6,767.04,58034,2917,567406.32,1,188.41,100738,866,187666.75,2,345.03,43950,419,72149.07,1,298.79,85700,584,137245.71,0,0,0,28,12443.47,67,5637.01,43244,243765029,19,2233.60,42034,93887795,7,1525.72,60119,91724288,18,971.16,28370,16873,1775743.45,0,0,0,2932,540567.58,93,9396.33,45696,31992,3589248.96
20160408,15,1311.37,50512,5642,444296.26,30,2732.48,44902,13443,1156682.67,17,2234.10,49829,8432,1030922.89,5,774.03,74877,2962,580709.35,2,353.29,69878,864,187313.46,1,100.24,68190,418,72048.83,0,0,0,584,137245.71,0,0,0,28,12443.47,46,4013.77,49839,200043175,17,2146.09,47542,102028950,7,1345.65,65146,87663078,35,3516.76,37399,17088,1788452.41,1,268.40,35000,3031,552275.10,70,7505.51,51927,32922,3678822.62
20160411,14,1307,39855,5668,447689.62,34,2971.48,42337,13379,1153558.44,18,2155,43623,8441,1030107.96,5,1182.39,73271,2959,579111.03,1,180.56,92457,859,186476.44,0,0,0,418,72048.83,0,0,0,734,151590.74,0,0,0,28,12443.47,47,4100.42,42145,172811122,19,2333.06,42473,99091128,6,1362.95,75813,103328907,3,532.12,63657,16324,1717752.82,16,8565.09,46380,2980,540539.92,72,7796.43,48129,32723,3669885.46
20160412,19,1446.21,41194,5659,447197.21,68,5801.53,44361,13985,1204086.92,36,4402.24,36814,8464,1031061.40,2,518.09,70231,2959,579000.30,1,158.75,83493,858,186317.69,0,0,0,418,72048.83,0,0,0,770,156175.09,0,0,0,28,12443.47,95,7915.91,43293,342701870,26,3438.68,35217,121101306,5,972.23,66690,64838424,17,1268.27,36481,16619,1791226.74,0,0,0,3209,569319.14,126,12326.82,42885,33378,3725189.84
20160413,20,1666.85,46381,5587,436455.68,62,5269.71,43199,13775,1179152.76,35,4573.05,43513,8416,1024927.31,8,1571.78,64623,2862,554397.98,2,548.47,78476,856,185769.22,0,0,0,418,72048.83,0,0,0,769,155958.50,0,0,0,28,12443.47,84,6979.58,44672,311788816,28,3576.40,37462,133977627,15,3073.88,65972,202790525,61,3661.54,49485,16559,1787611.64,3,605.31,60976,3206,568713.83,127,13629.86,47584,32948,3658012.68
20160414,24,1971.17,39372,6154,485845.51,66,5773.26,39600,13672,1169913.39,43,6172.68,52312,8377,1019561.90,7,1336.70,69144,2851,552172.14,5,884.83,43736,851,184884.39,0,0,0,411,70664.50,2,579.80,42732,767,155378.70,0,0,0,28,12443.47,91,7805.46,39137,305480422,29,3809.73,45105,171837384,27,5103.25,60298,307714056,58,3645.43,45648,16501,1783966.21,1,366.64,44609,3205,568347.19,147,16718.44,46956,33352,3688061.29
20160415,11,937.67,46523,6143,484907.84,38,3217.16,40879,14272,1213046.39,41,4807.10,46934,9541,1125799.57,6,730.99,59930,3060,578553.17,1,158.75,90707,850,184725.64,1,168.94,54596,421,73209.24,0,0,0,767,155378.70,0,0,0,28,12443.47,64,5435.76,43636,237194485,26,3321.10,42986,142760499,8,1263.75,69815,88228536,70,4434.98,46451,16926,1824049.52,6,865.15,84786,3199,567482.04,98,10020.61,46722,35323,3865261.31
20160416,5,429.75,36816,6138,484478.09,28,2460.76,33300,14215,1208338.87,17,1948.80,54035,9481,1119703.95,9,1671.99,68907,2887,548888.66,0,0,0,822,178660.38,3,712.13,78754,393,68276.15,0,0,0,753,153455.04,0,0,0,28,12443.47,35,3013.46,33750,101704918,16,1895.72,54672,103643537,11,2314.25,73032,169013727,40,2313.42,40422,17309,1859113.70,18,5215.22,63984,3181,562266.82,62,7223.43,51826,35270,3831742.95
20160419,7,442.69,40686,6162,485099.78,55,4752.29,34946,14413,1229724.72,30,4463.64,49584,9502,1124514.82,7,1118.53,71821,2919,558527.31,0,0,0,822,178660.38,2,512.50,65506,391,68154.23,1,179.89,87076,866,174021.28,0,0,0,28,12443.47,63,5229.14,36265,189636206,17,2143.17,52209,111893617,22,4097.23,56976,233445782,35,2591.04,65991,17240,1849549.89,0,0,0,3141,556657.36,102,11469.54,46643,35612,3883032.42
20160420,16,1565.19,72169,6051,473927.61,43,3733.88,46526,14325,1218729.83,19,2467.45,45902,9417,1113285.40,7,1440.20,74226,2718,520756.24,0,0,0,822,178660.38,2,461.21,38276,395,68445.70,0,0,0,866,174021.28,0,0,0,28,12443.47,54,4530.49,49213,222960141,20,2490.93,45666,113750276,13,2646.51,70955,187782705,62,3612.16,50543,17178,1845937.73,21,1129.12,53188,3239,561876.41,87,9667.93,54251,35131,3812156.34
20160421,17,1329.36,63691,6035,470401.97,42,3995,52190,13901,1186092.14,33,3869.19,46233,9533,1122292.54,3,525.40,38115,2650,507619.64,1,172.73,47235,821,178487.65,0,0,0,397,69141.59,1,321.82,36465,865,173699.46,0,0,0,28,12443.47,64,5436.83,47751,259615959,25,3105.59,47541,147642323,8,1671.08,62662,104712970,49,2983.86,49528,16908,1815722.91,0,0,0,3239,561876.41,97,10213.50,50127,34739,3772064.89
20160422,7,561.19,69085,6050,471278.73,55,4853.29,34853,13965,1191428.07,26,3104.81,43373,9488,1119457.93,3,621.64,64619,2646,505849.68,3,557.99,90636,835,180302.18,1,158.51,56808,396,68983.08,1,186.18,61788,874,175763.23,0,0,0,28,12443.47,64,5543.32,39335,218048370,23,2816.88,40375,113730786,9,1683.41,72508,122060175,42,2837.36,52124,16866,1812885.55,7,484.91,58979,3232,561391.50,96,10043.61,45187,34791,3777392.80
20160425,6,484.93,47049,6087,473764.23,34,3063.30,42319,14285,1219875.43,12,1602.08,52926,9791,1165637.61,3,391.11,37405,2629,501166.46,0,0,0,833,179567.35,1,101,75828,398,69633.90,0,0,0,885,178288.13,0,0,0,28,12443.47,34,2935.60,42699,125347249,18,2081.92,47668,99240698,4,624.90,55920,34944237,6,319,54806,16943,1806977.25,0,0,0,3169,543898.70,56,5642.42,45997,35445,3852263.01
20160426,15,1195.35,64479,6081,473638.38,59,5145.19,42142,14738,1253315.09,33,4367.05,40855,10025,1197198.38,20,3992.05,65787,2861,550171.77,4,1001.31,95344,842,181527.34,0,0,0,390,70167.60,3,557.87,29976,882,177730.26,0,0,0,28,12443.47,81,6747.16,44779,302128517,31,3735.08,40896,152748920,28,6253.84,66333,414837199,26,1698.28,56452,17098,1829186.10,2,311.58,55318,3167,543587.12,140,16736.08,51966,36350,3967601.46
20160427,4,263.19,42827,6002,469126.90,41,3892.16,62350,14579,1240839.86,21,2725.30,49801,10006,1194761.84,3,712.53,68514,2848,547789.83,3,735.83,110823,830,178589.34,5,654.08,66944,387,69887.03,6,1208.16,38280,876,176522.10,0,0,0,28,12443.47,60,4396.96,43620,191794384,18,2200.31,51696,113746127,21,4507.19,77668,350062187,55,4302.43,59391,16687,1795561.77,6,320.74,39091,3086,538118.79,99,11104.46,59040,36043,3940456.33
20160428,11,916.42,71030,5991,468210.48,49,4661.13,50068,14530,1236178.73,33,4935.84,58569,10022,1196728.30,12,2410.35,69885,2916,555498.01,0,0,0,830,178589.34,1,310.31,58422,388,69997.48,0,0,0,876,176522.10,0,0,0,28,12443.47,56,4818.66,47875,230694138,25,3221.40,56087,180679654,25,5193.99,69841,362753168,34,2013.24,44003,17022,1824504.41,10,895.16,72939,3154,546422.49,106,13234.05,58495,36068,3944663.87
20160429,6,514.32,43563,6125,478894.10,11,1028.30,51143,14898,1269894.05,18,1913.54,43802,10302,1223535.53,6,1186.41,63161,2921,554217.41,0,0,0,829,178334.50,0,0,0,393,70273.45,0,0,0,878,176998.32,0,0,0,28,12443.47,38,2882.81,44996,129716354,13,1483.78,53672,79637066,6,1278.86,58084,74281390,22,1358.23,64167,18157,1911073.18,10,505.73,50382,3315,568078.19,57,5645.45,50241,36845,4014083.91
20160503,3,226.04,58488,6121,485086.04,12,1034.62,48916,15198,1304209.70,2,220.71,62519,10759,1265519.72,1,121.68,29198,3021,567761.17,0,0,0,826,177863.44,0,0,0,389,69499.05,0,0,0,914,182460.62,0,0,0,28,12443.47,16,1350.05,51146,69050079,2,253,47951,12131531,0,0,0,0,3,159.24,23255,19038,2049238.12,0,0,0,3646,585886.34,18,1603.05,50642,37453,4096428.59
20160504,6,503.27,45874,5984,473504.58,11,1124.13,60010,15175,1301505.27,8,1128.04,50409,10742,1263157.22,0,0,0,3020,567568.17,0,0,0,825,177553.79,0,0,0,389,69499.05,0,0,0,914,182460.62,0,0,0,28,12443.47,16,1373.78,41758,57366551,4,531.81,62213,33085434,5,849.85,67020,56956851,31,2267.84,63271,19007,2046970.28,3,567.70,62834,3528,559991.37,25,2755.44,53497,37274,4079277.55
20160505,13,1023.35,67125,5993,476162.16,40,3605.41,40621,15152,1301336.66,27,3557.37,50298,10727,1261691.69,4,646.59,28329,3025,569272.28,0,0,0,825,177553.79,0,0,0,389,69499.05,2,420.11,43256,912,182040.51,0,0,0,28,12443.47,56,4765.58,45692,217748501,18,2170.25,38540,83641391,12,2317,55750,129173666,43,2585.39,43470,18964,2044384.89,6,1319.78,49085,3528,559991.37,86,9252.83,46533,37248,4081584.99
20160506,16,1368.31,66430,5785,459939.70,41,3538.99,41950,15039,1291377.18,10,1239.72,38815,10672,1254641.64,3,623.32,69436,3017,567435.83,0,0,0,825,177553.79,0,0,0,394,70722.78,2,407.05,37063,910,181633.46,0,0,0,28,12443.47,58,4946.99,48921,242012894,9,1171.80,36870,43204316,5,1058.60,57273,60628732,44,3355.10,67244,18960,2044444.42,24,4893.44,51524,3525,559832.32,72,7177.39,48185,36867,4047333.23
20160509,5,423.60,47230,5776,459200.57,12,1060.03,49956,14895,1278434.16,1,79.09,42736,10534,1232665.55,3,360.56,35710,2835,517465.17,0,0,0,825,177553.79,0,0,0,391,68896.44,1,297.66,80368,909,181335.80,0,0,0,28,12443.47,17,1452.39,50323,73089244,4,470.89,34250,16127797,1,297.66,80368,23922343,6,241.94,39475,19085,2052371.09,0,0,0,3525,559832.32,22,2220.94,50942,36390,3959580.33
20160510,30,2839.14,83985,5746,456361.43,51,4611.48,44420,15581,1333218.82,8,1084.81,43968,11321,1300378.54,2,546.19,76958,3136,560907.79,1,252.06,117706,821,176380.81,2,297.90,57662,397,71215.17,9,977.27,107457,901,180637.36,0,0,0,28,12443.47,79,6772.44,63448,429696869,13,1611.88,51855,83584518,11,2224.53,77139,171597875,39,2465.96,43565,19461,2085691.62,0,0,0,3491,555182.15,103,10608.85,64557,38128,4123128.77
20160511,6,566.50,56222,5740,455794.93,52,4532.39,42362,15585,1333667.15,35,3844.19,56730,11350,1305048.37,8,1135.64,47831,3034,541791.36,8,1573.54,95093,814,175135.90,0,0,0,396,70583.52,1,230.77,51569,900,180406.59,0,0,0,28,12443.47,74,6434.58,45584,293312992,21,2476.14,45226,111986007,15,2972.31,84947,252487733,25,1893.91,59139,19454,2085458.56,0,0,0,3491,555182.15,110,11883.03,55355,38044,4106456.67
20160512,5,412.51,54707,5735,455382.42,40,3580.22,47353,15549,1330467.81,33,3198.21,49965,11319,1302169.89,10,1531.71,52916,3081,550346.97,3,541.68,89130,827,178033.32,3,720.91,37090,410,72680.49,5,1144.74,33017,895,179261.85,0,0,0,28,12443.47,68,5881.44,47308,278239728,14,1708.12,54881,93742885,17,3540.42,49086,173784922,24,1807.68,56718,19430,2083650.88,0,0,0,3491,555182.15,99,11129.98,49036,38041,4112371.60
20160513,10,834.26,60737,5725,454548.16,45,4046.52,43512,15427,1320669.22,5,577.39,36659,11226,1294004.65,1,125.49,39423,3091,560652.61,0,0,0,839,180659.48,0,0,0,413,73334.67,0,0,0,895,179261.85,0,0,0,28,12443.47,56,4861.78,43674,212335045,3,375.49,35351,13274104,2,346.39,78657,27246136,22,1168.40,40186,19275,2073148.72,1,162.02,70646,3490,555020.13,61,5583.66,45285,37885,4112771.40
20160517,7,536.70,29458,5432,429296.47,39,3404.94,41665,15293,1307032.80,24,2470.50,45380,10919,1246029.19,10,1666.88,55401,3268,596442.74,3,603.74,46147,850,181570.99,0,0,0,413,74450.94,0,0,0,921,182215.11,0,0,0,28,12443.47,60,5011.49,39009,195494581,9,1046.55,41754,43697422,14,2624.72,57456,150804728,22,1341.95,40609,19635,2141086.38,0,0,0,3416,551908.41,83,8682.76,44916,37366,4066801.55
20160518,16,1319.61,54715,5432,429055.76,32,3119.07,58898,15316,1308903.26,26,2562.81,41333,10893,1243466.38,13,1649.60,36446,3255,594793.14,2,388.65,84935,849,181439.97,3,563.19,47717,409,73787.51,4,1548.38,37149,917,180666.73,0,0,0,28,12443.47,59,4991.06,45490,227044757,27,3270.76,43445,142097296,10,2889.49,58910,170220888,40,2388.27,55569,19595,2138698.11,0,0,0,3416,551908.41,96,11151.31,48368,37342,4061936.81
20160519,15,2077.82,91228,5428,427404.98,35,3302.03,59132,15401,1315338.34,33,4221.06,64093,10982,1252957.48,7,843.21,59669,3510,642558.87,0,0,0,849,181439.97,0,0,0,415,75263.86,0,0,0,917,180666.73,0,0,0,28,12443.47,50,4178.75,49495,206827475,14,1801.44,67260,121164263,26,4463.93,84605,377672475,22,1417.29,51560,20001,2153719.64,0,0,0,3450,556558.58,90,10444.12,67566,37773,4125454.29
20160520,12,935.18,37265,5658,447847.14,42,3877.64,48311,15361,1311625.29,14,1766.75,60229,11336,1309643.68,35,6275.06,70428,3476,636434.65,7,1787.62,98217,840,179494.17,4,597.54,78610,412,74766.56,0,0,0,907,179498.37,0,0,0,28,12443.47,54,4552.85,39150,178241872,21,2632.83,59229,155941102,46,8928.44,77989,696322081,35,1960.05,60495,20392,2175282.72,0,0,0,3450,556558.58,121,16114.12,63950,38254,4188259.59
20160521,19,1526.29,65346,5639,446320.85,35,3076.18,57949,15300,1306247.90,23,2869.98,52632,11378,1314296.94,23,4003.04,72073,3285,595477.36,4,808.10,86859,695,150299.46,0,0,0,411,74134.91,0,0,0,907,179498.37,0,0,0,28,12443.47,59,4891.04,56523,276457568,13,1749.18,65811,115115218,32,5643.37,70203,396179292,44,2532.56,58652,19923,2144553.62,4,421.94,58083,3446,556136.64,104,12283.59,64130,38153,4133133.22
20160523,12,1028.01,69236,5611,443967,24,2192.50,46613,15262,1302769.95,16,2235.23,66403,11278,1302179.07,8,1645.28,82666,3237,586445.09,0,0,0,695,150299.46,0,0,0,410,73959.31,1,176.15,94959,906,179322.22,0,0,0,28,12443.47,36,3112.92,50563,157397680,10,1324.03,48616,64369069,15,2840.22,88996,252769601,15,1585.29,82725,19881,2140126.03,0,0,0,3446,556136.64,61,7277.17,65209,37937,4105799.53
20160524,4,331.89,48454,5607,443635.11,56,4625.85,44579,15234,1301077.50,29,3505.33,58476,11162,1291199.13,11,1656.31,59570,3224,584538.28,0,0,0,694,150219.76,3,603.93,40644,407,73355.38,0,0,0,899,178506.95,0,0,0,28,12443.47,68,5662.39,44611,252607021,21,2574.11,52429,134958729,14,2486.81,65515,162923886,44,2802.72,44396,19766,2132988.61,0,0,0,3446,556136.64,103,10723.31,51336,37765,4089389.54
20160527,22,1855.12,51797,5892,466673.36,33,2877.17,42873,15543,1330455.59,13,1551.18,61646,11861,1353546.65,6,1175.73,83364,3234,590315.68,3,573.79,57026,827,177485.73,0,0,0,408,74476.76,0,0,0,900,179288.97,0,0,0,28,12443.47,59,5028.98,45987,231267196,8,972.80,55119,53619622,10,2031.21,79221,160913641,37,1936.81,41408,19661,2110067.38,9,1462.30,62648,4188,637396.25,77,8032.99,55496,39201,4238835.59
20160530,3,266,72040,5855,463502.74,19,1461.83,51920,15452,1322724.13,18,1709.18,53670,11604,1315248.24,4,631.06,66037,3202,584660.66,1,146.22,62343,824,176971.86,0,0,0,393,71023.96,0,0,0,900,179288.97,0,0,0,20,10490.03,33,2689.66,54867,147572405,12,1391.22,52382,72874262,3,541.65,67722,36681388,10,772.81,57861,20060,2136700.20,0,0,0,4182,635699.18,48,4622.53,55625,38755,4177651.73
20160531,14,1195.20,62096,5838,462089.77,50,4320.92,44936,15455,1340605.70,41,4700.88,49464,11737,1358518.71,6,863.85,62000,3268,609213.45,1,172.73,46590,859,196441.64,0,0,0,392,70923.72,0,0,0,914,181212.63,0,0,0,20,10490.03,79,6695.38,45587,305224463,24,2911.08,52969,154196985,9,1647.12,62589,103091911,29,2702.16,46876,20018,2133366.20,9,527.62,72293,4173,635171.56,112,11253.58,49985,38988,4283236.79
20160601,26,2159.81,45178,5815,460147.73,53,4404.62,46721,15403,1336274.53,33,3946.80,62311,11703,1354308.96,10,1481.59,64559,3259,607761.40,1,180.56,95657,858,196261.08,1,100.24,66902,392,70923.72,0,0,0,914,181212.63,0,0,0,20,10490.03,108,8722.58,47738,416401967,25,2935.59,60480,177543709,10,1938.75,73537,142570080,59,3704.12,56517,20010,2134168.29,0,0,0,4173,635171.56,143,13596.92,54168,38850,4269797.92
20160602,10,874.83,73743,5805,459272.90,41,3959.17,57999,15382,1334054.64,18,2005.70,61481,11748,1359802.03,16,3365.45,88237,3278,611405.50,2,339.31,86784,856,195921.77,0,0,0,392,70923.72,2,158.58,123472,912,181054.05,0,0,0,20,10490.03,83,6627.19,52713,349341683,16,2008.55,54532,109530744,17,3975.50,101788,404659171,44,2970.78,61327,19970,2139321.56,1,42.67,58289,4172,635128.89,116,12611.24,68473,38852,4273434.28
20160603,15,1292.74,68355,5790,457980.16,41,3370.10,44770,15431,1338560.78,38,4201.77,48732,11746,1359848.82,17,3333.24,86780,3392,633746.74,2,586.43,105772,854,195335.34,2,334.08,77035,390,70589.64,3,452.56,79340,909,180601.49,0,0,0,20,10490.03,99,7756.42,52180,404730003,26,3185.50,48007,152926476,23,4671.26,87659,409479296,63,3666.57,45276,20080,2150338.04,0,0,0,4237,638653.02,148,15613.18,61944,38961,4295620.38
20160605,15,1292.74,68355,5790,457980.16,41,3370.10,44770,15431,1338560.78,38,4201.77,48732,11746,1359848.82,17,3333.24,86780,3392,633746.74,2,586.43,105772,854,195335.34,2,334.08,77035,390,70589.64,3,452.56,79340,909,180601.49,0,0,0,20,10490.03,99,7756.42,52180,404730003,26,3185.50,48007,152926476,23,4671.26,87659,409479296,63,3666.57,45276,20080,2150338.04,0,0,0,4237,638653.02,148,15613.18,61944,38961,4295620.38
20160606,23,2174.87,84375,5718,450597.56,44,3704.06,47718,15340,1328328.60,69,7184.17,48267,11853,1382357.12,21,2769.45,44195,3371,631077.98,0,0,0,854,195335.34,2,201.29,70508,393,71528.31,0,0,0,908,180425.34,0,0,0,28,12443.47,106,9070.64,48548,440364656,43,5209.37,50825,264766582,10,1753.83,78951,138466527,7,501.26,42733,20033,2147471.84,8,493.39,22349,4221,637672.75,159,16033.84,52614,38876,4299516.39
20160607,8,639.66,39145,5756,454964.16,50,4499.89,48448,15841,1367875.40,35,3590.77,49562,12261,1417832.77,13,2567.80,66215,3504,650122.53,4,723.47,61271,850,194611.87,1,176.09,48854,392,71352.22,1,150.61,24946,907,180274.73,0,0,0,28,12443.47,82,6652.33,42976,285888329,24,2845.92,56498,160789633,18,3621.27,66319,240158329,38,2454.81,50809,19994,2144871.52,18,945.60,50726,4202,636563.36,124,13119.52,52352,39938,4396128.59
20160608,19,1860.39,80966,5813,457408.33,26,2628.02,64293,16484,1420712.20,45,5354.69,64566,12392,1432995.51,16,3164.59,90242,3509,650072.40,3,491.04,73735,847,194120.83,0,0,0,386,70303.34,3,433.33,24912,904,179841.40,0,0,0,28,12443.47,67,5547.14,54763,303776687,20,2470.48,56831,140398757,37,6839.27,88088,602456820,48,2999.34,55703,20122,2157130.69,8,1158.72,69091,4194,635404.64,124,14856.89,70448,40750,4463624.09
20160614,20,1627.70,59944,5726,450040.43,60,5289.26,46870,16276,1402677.90,28,3020.12,53817,12263,1418923.11,12,1738.31,59841,3484,649100.85,0,0,0,844,193624.87,1,165.81,80509,366,66991.79,2,362.76,38785,902,179510.41,0,0,0,28,12443.47,89,7517.60,50532,379879877,22,2653.12,44971,119312643,12,2033.24,68984,140261978,32,1907.14,51241,20734,2192183.30,4,805.49,66045,4167,631534.65,123,12203.96,52397,40224,4415488.16
20160615,13,1057.49,67936,5719,449495.44,60,4972.33,40042,15804,1369393.15,39,3990.26,45005,11891,1383795.36,23,3957.22,73663,3349,630757.41,19,6534.08,153095,825,187090.79,6,764.93,67642,364,66627.82,9,3927.28,157430,893,175583.13,0,0,0,28,12443.47,115,9321.82,44749,417143131,24,2869.09,49249,141300122,45,13974.62,136099,1901935303,52,3291.24,57208,20400,2160424.61,10,579.28,42025,4157,630955.37,184,26165.53,94031,39193,4316399.96
20160616,16,1408.25,70801,5704,448168.11,68,6069.91,52211,16183,1395124.28,63,6343.36,43470,12170,1409919.78,21,3692.06,69448,3440,641433.70,6,1726.23,118446,821,186260.40,0,0,0,364,66627.82,5,1000.97,40400,888,174582.16,0,0,0,28,12443.47,145,11860.29,45569,540457750,31,3972.98,46768,185807747,24,5853.58,92603,542056717,31,2495.88,49823,20652,2186440.24,4,233.26,38660,4153,630722.11,200,21686.85,58483,39897,4374327.04
20160617,17,1381.53,63635,5693,447479.24,42,3878.10,56989,16119,1389747.27,23,2669.55,59700,12055,1397696.42,14,2650.66,70213,3426,638894.42,1,254.84,86740,821,186260.40,0,0,0,364,66627.82,0,0,0,886,173958.71,0,0,0,28,12443.47,88,6805.31,53151,361707023,16,1973.84,62496,123357925,18,3581.27,76593,274299380,52,3507.27,51384,20600,2182932.97,1,51.46,46291,4152,630670.65,122,12360.42,61435,39666,4351349.33
20160620,8,673.42,63338,5666,445190.96,36,3092.67,52892,15763,1363639.53,22,2239.47,56713,11926,1378493.76,5,997.59,57024,3409,635933.45,0,0,0,819,185891.44,1,100.14,66194,363,66527.68,0,0,0,886,173958.71,0,0,0,28,12443.47,56,4794.33,54669,262103553,10,1156.18,59309,68571895,6,1152.78,57319,66076149,18,1137,42743,20381,2154680.59,0,0,0,4151,630627.98,72,7103.29,55855,39133,4300295.10
20160621,15,1304.54,57858,5648,443709.40,69,5977.69,42516,15696,1357845.01,42,4349.30,45101,11884,1374144.46,9,1564.81,63944,3416,637101.39,0,0,0,819,185891.44,0,0,0,363,66527.68,0,0,0,886,173958.71,0,0,0,28,12443.47,105,8750.87,39671,347158615,22,2812.34,46448,130626556,8,1633.13,90660,148058973,47,3585.68,55397,20334,2151094.91,4,205.67,49437,4147,630422.31,135,13196.34,47426,39013,4289837.66
20160622,32,3329.14,76817,5616,440380.26,67,6598.47,59974,15630,1351322.03,31,3756.63,51024,11854,1370582.04,16,2442.69,55767,3382,631615.14,3,595.59,65912,816,185295.85,1,168.94,47177,362,66358.74,2,174.66,126227,884,173784.05,0,0,0,28,12443.47,97,8162.31,50176,409556105,30,3686.77,51239,188906856,28,5581.47,83189,464318449,31,4691.83,67566,20303,2146403.08,8,416.16,39764,4139,630006.15,155,17430.55,60972,38842,4269633.25
20160623,8,858.52,68904,5608,439521.74,55,5023.24,54137,15575,1346295.79,56,5374.36,51450,11799,1365322.94,7,1136.47,62783,3375,630478.67,0,0,0,816,185295.85,0,0,0,362,66358.74,1,261.93,48183,883,173522.12,0,0,0,28,12443.47,97,8267.67,49566,409794559,20,2409.67,50382,121403553,10,1977.18,81115,160379870,89,4610.22,41811,20229,2142882.75,10,895.21,46227,4433,698167.96,127,12654.52,54651,38716,4257090.99
20160704,10,862.67,71797,5668,451806.54,18,1489.45,49098,15239,1332073.98,23,2187.49,51649,11483,1336386.05,6,817.42,58598,3054,574337.58,0,0,0,799,181144.57,2,306.30,68783,383,71663.99,0,0,0,876,173134.13,0,0,0,28,12443.47,48,4104.59,52901,217135950,8,1015.94,54006,54866768,4,664.33,76504,50823954,1,62.39,126943,18683,2041808.36,0,0,0,4377,689995.94,60,5784.86,55805,37751,4167657.84
20160705,12,1021.21,43978,5656,450785.33,75,6352.20,44024,15166,1325892.76,36,3660.08,45514,11447,1332725.97,5,1139.13,72053,3049,573198.45,1,254.62,89619,798,180889.95,0,0,0,382,71563.75,0,0,0,876,173134.13,0,0,0,28,12443.47,105,8727.44,43374,378541376,19,2368.58,42959,101751567,6,1453.19,83058,120699482,45,3744.04,43386,18638,2038064.32,3,292.29,40222,4373,689619,130,12549.21,47891,37622,4155179.37
20160706,24,2061.93,55775,5633,448796.06,46,7004.51,94590,15120,1318887.76,35,5891.91,88689,11410,1326713.68,6,1865.42,130320,3039,570531.23,5,1840.27,135178,794,179385.52,1,266.49,33913,381,71297.26,0,0,0,876,173134.13,0,0,0,28,12443.47,69,5875.87,49371,290095859,8,971.12,55184,53590523,40,12083.54,120604,1457325970,25,1605.76,52969,18469,2023533.48,2,102.92,48114,4326,685768.95,117,18930.53,95138,37549,4138797.28
20160707,9,767.06,70446,5624,448029,50,4702.46,60006,15674,1358841.67,29,4437.68,83921,11745,1359828.35,10,1831.30,76882,3064,580563.68,1,546.65,145894,793,178838.87,1,100.24,66554,381,71297.26,0,0,0,876,173134.13,0,0,0,28,12443.47,67,5593.04,49540,277077136,13,1577.09,56935,89792380,20,5215.26,109099,568978169,8,472.91,41138,18671,2048987.14,0,0,0,4326,685768.95,100,12385.39,75561,38447,4220403.52
20160708,10,956.57,71402,5614,447072.43,46,4316.20,63768,15627,1354436.80,28,2837.83,43903,11712,1356460.64,6,997.66,64857,3053,578862.34,0,0,0,793,178838.87,0,0,0,358,65684.73,4,818.93,49181,872,172315.20,0,0,0,28,12443.47,69,5831.51,50849,296528166,12,1577.52,54044,85255875,13,2518.16,75977,191322908,27,1956.15,52943,18644,2047030.99,0,0,0,4326,685768.95,94,9927.19,57731,38319,4203541.57
20160711,5,404.21,59523,5600,445936.32,26,2275.89,61739,15490,1343061.09,38,3801.72,51057,11478,1334908.18,2,253.64,58319,3041,576148.96,0,0,0,793,178838.87,0,0,0,358,65684.73,1,87.28,161787,867,171712.77,0,0,0,28,12443.47,58,4814.97,53208,256192547,8,1004.39,58890,59148916,6,1003.38,72002,72245431,3,308.99,63110,19048,2072696.13,6,1492.12,99848,4235,678653.51,72,6822.74,56808,37869,4163098.87
20160712,16,1323.05,46933,5815,456749.12,42,3491.96,45165,15678,1358110.82,83,7994.83,49334,11606,1344934.03,12,1685.84,55076,3131,590551.83,0,0,0,793,178838.87,0,0,0,358,65684.73,0,0,0,867,171712.77,0,0,0,28,12443.47,127,10777.97,44785,482690546,21,2612.02,47217,123331744,5,1105.69,91391,101050265,36,2275.94,45186,19047,2072170.64,5,349.25,54813,4231,678346.93,153,14495.68,48778,38490,4213390.12
20160713,10,877.97,63795,5804,455838.47,67,5480.96,49514,15591,1350822.45,51,5262.27,47826,11530,1336259.85,4,647.36,60745,3124,589493.25,2,709.13,135975,791,178129.74,0,0,0,362,66699.08,0,0,0,862,170672.26,0,0,0,28,12443.47,117,9748.10,50898,496157987,8,941.95,54696,51520777,10,2434.45,71467,173981838,31,1896.40,43299,19269,2084348.25,3,175.50,39582,4326,692970.82,135,13124.50,54986,38305,4194576.24
20160714,15,1479.92,81140,5790,454446.72,58,4856.19,54092,15532,1345890.33,22,2085.08,51536,11499,1333377.27,9,1296.18,71513,3060,581605.39,3,624.03,59060,788,177505.71,0,0,0,362,66699.08,0,0,0,862,170672.26,0,0,0,28,12443.47,87,7192.27,53305,383385313,10,1278.28,54247,69342815,10,1870.85,89286,167041598,36,2719.14,43907,19119,2070764,2,102.67,50718,4324,692868.15,107,10341.40,59931,38134,4176857.90
20160715,16,1391.55,65237,5771,452804.90,26,2167.80,53068,15322,1329635.48,36,3429.34,49264,11209,1307703.33,10,1597.91,74601,3050,580007.48,0,0,0,788,177505.71,0,0,0,362,66699.08,0,0,0,862,170672.26,0,0,0,28,12443.47,70,5927.51,52174,309261469,14,1782.78,53279,94984416,4,876.31,102389,89724152,42,2347.26,38920,19051,2066427.68,11,1060.43,59170,4313,691807.72,88,8586.60,57528,37605,4131689.38
20160718,13,1135.22,50551,5719,448380.08,15,1316.24,50170,15213,1319991.70,36,3696.21,54110,11136,1300240.61,2,304.60,77154,3039,577950.29,0,0,0,785,176983.01,0,0,0,362,66699.08,0,0,0,861,170243.21,0,0,0,28,12443.47,52,4489.92,45736,205351201,9,1150.47,63019,72501506,5,811.88,85078,69072779,6,357.81,24038,19316,2076824.55,0,0,0,4312,691756.51,66,6452.27,53768,37356,4107149.12
20160719,6,483.11,66487,5697,447096.05,37,3213.88,53544,15200,1318873.95,62,6056.60,39326,11072,1293953.73,6,849.63,66373,3084,583184.47,2,447,104481,783,176536.01,1,216.33,36728,384,72095.28,3,429.62,69256,858,169813.59,0,0,0,28,12443.47,97,8247.68,45008,371213289,11,1369.50,52148,71417327,9,2078.99,67606,140551606,32,2669.12,53464,19426,2085041.41,11,2080.24,69568,4301,689676.27,117,11696.17,49861,37319,4108214.22
20160720,10,938.79,64442,5795,455340.64,46,3978.13,50797,15257,1324059.67,70,7264.74,43220,10939,1267967.68,9,1382.05,63134,3089,583961.36,1,151.73,74000,782,176384.28,0,0,0,384,72095.28,9,1655.36,58668,849,168158.23,0,0,0,28,12443.47,108,9170.80,46160,423325155,21,2701.91,43593,117783542,16,3498.09,66049,231044453,36,2056.96,52662,19747,2103580.54,10,2156.94,70167,4252,684023.30,145,15370.80,50235,37336,4094628.28
20160721,10,816.18,46938,5784,454482.62,55,4525.54,48130,15202,1319538.96,45,4487.87,51173,10896,1263782.91,15,2683.10,79266,3026,568093.18,0,0,0,782,176384.28,1,158.51,54599,383,71936.77,1,189.09,42187,848,167969.14,0,0,0,28,12443.47,98,8223.19,49707,408753508,19,2470.72,50762,125419236,11,2286.13,81257,185764297,35,2428.40,50068,19712,2101152.14,4,983.89,72265,4103,673722.33,128,12980.04,55465,37161,4068729.25
20160722,9,787.11,50430,5754,452710.72,23,1915.82,44545,15150,1315136.61,62,7010.40,42939,10759,1248798.43,6,933.61,70420,3015,566501.41,0,0,0,782,176384.28,0,0,0,383,71936.77,1,174.17,96438,847,167794.97,0,0,0,28,12443.47,56,4779.60,47999,229417400,39,4980.06,37852,188506787,6,1061.45,85421,90670494,42,3094.45,51183,19670,2098057.69,20,2502.18,23042,4083,671220.15,101,10821.11,47000,36930,4045804.58
20160723,11,1006.10,71106,5743,451704.62,32,2540.99,46997,15117,1312511.84,45,5130.65,44597,10696,1242082.91,6,1163.56,76951,2815,498817.65,0,0,0,782,176384.28,0,0,0,376,70073.06,0,0,0,832,161228.47,0,0,0,28,12443.47,60,4953.53,47516,235373740,26,3265.88,37776,123370333,8,1621.89,92832,150563514,23,1338.57,54398,19608,2093653.38,0,0,0,4083,671220.15,94,9841.30,51752,36601,3959344.22
20160725,6,497.79,68003,5727,450405.54,47,4090.10,47553,14954,1298555.78,50,5928.47,46431,10589,1230264.19,3,683.58,90602,2807,497389.37,1,172.73,44636,781,176211.55,1,100.24,67188,363,66994.06,1,87.24,140940,831,161141.23,0,0,0,28,12443.47,77,6575.53,48035,315856958,24,3361.68,42056,141377743,8,1622.94,83215,135052326,34,1822.70,63073,19500,2081244.73,7,383.13,39240,4028,666370.79,109,11560.15,51235,36292,3927503.11
20160726,13,1046.45,53745,5707,448977.69,40,3314.85,48945,14908,1294739.16,82,10302.65,43564,10538,1223604.22,8,1215.25,66062,2869,509027.11,1,228.93,105935,1005,217892.01,0,0,0,363,66994.06,0,0,0,832,161357.14,0,0,0,28,12443.47,69,5754.44,50965,293276646,65,8488.82,42847,363724417,10,1864.87,61580,114837909,22,1628.50,51082,19446,2077680.67,0,0,0,4028,666370.79,144,16108.13,47916,36462,3969132.78
20160727,8,654.87,54539,5693,448048.12,52,4551.86,52822,15745,1349167.20,38,3561.47,52384,10562,1224298.19,21,2854.30,56346,3029,570450.56,3,465.95,78245,1000,216838.01,0,0,0,362,66893.82,0,0,0,847,167923.64,0,0,0,28,12443.47,89,7460.98,46719,348572919,24,2974.58,52646,156600369,9,1652.89,93674,154832343,31,2029.59,47149,19550,2093264.63,7,387.80,42955,4061,669982.47,122,12088.45,54598,37478,4090160.93
20160728,12,965.35,61932,5681,447082.77,31,2558.18,58920,15714,1346671.04,52,4934.26,52909,10407,1203205.41,7,884.45,50519,2980,563796.58,3,754.04,133721,998,216336.18,1,100.24,70782,364,67315.48,0,0,0,847,167923.64,0,0,0,28,12443.47,88,7368.57,51872,382226077,10,1223.55,58199,71209986,8,1604.40,106429,170754492,28,1958.33,55947,19450,2086564.63,2,102.42,50716,4059,669880.05,106,10196.52,61216,37231,4058872.49
20160729,4,321.39,45844,5672,446438.96,43,3337.57,41612,15659,1342338.88,19,1958.59,56061,10387,1201157.51,7,1280.47,76003,2973,562516.11,3,542.80,92222,996,216121.47,0,0,0,364,67315.48,0,0,0,847,167923.64,0,0,0,28,12443.47,61,4880.34,43410,211856317,6,758.66,52698,39979977,11,2043.54,82520,168633886,52,3724.39,59247,19335,2079056.33,0,0,0,4059,669880.05,78,7682.54,54731,37136,4050111.72
20160801,3,265.48,67608,5640,444018.85,12,1011.19,54678,15571,1334891.81,10,1069.40,54276,10344,1196907.49,0,0,0,2968,561629.98,3,538.15,76418,991,215214.35,0,0,0,369,68474.60,0,0,0,840,166181.13,0,0,0,28,12443.47,20,1699.06,54427,92474603,4,472.88,73209,34618867,4,712.28,63616,45312492,19,1047.21,47986,19216,2071752.30,0,0,0,4059,669880.05,28,2884.22,59776,36958,4033249.30
20160803,0,0,0,5585,439597.39,14,990.23,54367,15403,1321356.14,3,374.94,59725,10251,1187812.19,0,0,0,2952,559490.30,0,0,0,984,213030.08,0,0,0,367,68106.52,0,0,0,838,165926.11,0,0,0,28,12443.47,15,1079.51,54285,58601591,1,134.10,53035,7111955,1,151.56,69385,10515998,0,0,0,19226,2070964.89,0,0,0,4058,669828.59,17,1365.17,55839,36612,4000882.61
20160804,14,1211.03,48797,5531,435501.39,57,4787.29,44863,15560,1336967.03,73,7549.76,54606,10051,1168076.77,9,1396.54,64068,2897,552216.86,4,664.26,79051,980,212365.82,0,0,0,367,68106.52,1,128.95,25177,837,165797.16,0,0,0,28,12443.47,121,10229.47,46662,477330057,25,3124.98,39792,124349509,12,2383.38,96367,229678929,24,1982.81,57169,19164,2066700.32,4,342.84,62349,4054,669485.75,158,15737.83,52825,36455,3984595.43
20160805,17,1869.16,74779,5514,433632.23,49,4103.58,61282,15882,1359037.28,48,4807.03,56728,10268,1188501.14,13,2364.35,69385,2940,556735.42,2,672.08,169128,978,211693.74,1,100.14,66534,366,68006.38,0,0,0,837,165797.16,0,0,0,28,12443.47,93,7662.10,53920,413141678,18,2180.26,54750,119369995,21,4340.04,98754,428595591,26,2213.01,84048,19360,2081060.99,8,1439.99,69455,4046,668045.76,132,14182.40,67768,37015,4028701.17
20160808,2,173.24,74490,5516,433441.20,34,2810.94,54613,14940,1295170.65,34,3250.14,52616,10142,1178183.57,6,815.56,70800,2925,554540.92,1,195.51,39256,976,211269.30,1,101.05,72668,365,67905.33,0,0,0,836,165368.11,0,0,0,28,12443.47,61,5182.59,53086,275124526,14,1651.39,59243,97833953,3,512.46,72651,37230738,2,158.61,95975,18822,2050522.36,0,0,0,4045,667994.55,78,7346.44,55835,35929,3951057.15
20160809,14,1228.28,56823,5960,458255.31,42,3470.37,46885,15134,1310695.56,29,3031.88,56995,10332,1195639.52,13,2096.11,65825,2977,565401.01,1,334.66,116924,976,211269.30,0,0,0,365,67905.33,0,0,0,837,166002.31,0,0,0,28,12443.47,72,6012.54,46668,280592506,16,1932.10,53194,102776778,11,2216.66,89794,199042213,48,3269.07,51163,18838,2055487.65,2,111.12,22201,4082,671379.46,99,10161.30,57317,36810,4020346.41
20160810,20,1912.63,52830,5940,456342.68,42,3189.12,53554,15177,1314408.54,37,3544.76,52014,10424,1205507.66,8,1369.18,67110,2954,559581.91,3,771.75,102900,973,210497.55,0,0,0,366,68156.66,0,0,0,837,166002.31,0,0,0,28,12443.47,87,7034.40,49285,346692041,12,1424.06,57164,81405059,11,2328.98,85623,199414423,65,3929.55,100992,19128,2068391.67,3,119.53,58403,3808,609458.40,110,10787.44,58171,36900,4025675.38
20160811,11,921.75,43170,5927,455281.43,28,2352.91,46977,15040,1302391.10,16,1535.64,52744,10508,1233454.88,5,1126.50,78449,2958,560349.13,0,0,0,973,210497.55,1,188.17,47409,372,69832.20,1,87.41,138757,837,166343.95,0,0,0,28,12443.47,53,4511.99,48367,218229888,3,352.17,52184,18377806,6,1348.22,77238,104134313,27,1800.91,65265,19085,2064728.28,10,577.43,41666,4070,670719.33,62,6212.38,54849,36844,4043328.31
20160812,12,1035.10,54554,5898,453057.67,49,4062.92,56786,14977,1297017.39,23,2689.89,68031,10471,1228847.96,7,1284.32,85835,2947,558533.47,4,737.75,82218,969,209759.80,0,0,0,383,72709.91,2,349.76,60776,835,165994.19,0,0,0,28,12443.47,77,6252.94,49694,310732247,7,877.84,60859,53424894,14,3101.77,96917,300614488,34,2259.16,50666,19051,2062469.12,1,58.50,41187,4069,670660.83,98,10232.55,64966,36708,4031025.65
20160820,4,353.69,40071,5307,403903.65,11,843.63,43838,15033,1292626.10,34,3053.57,44291,10424,1218550.36,5,697.35,41230,3343,626682.47,0,0,0,936,203112.06,1,86.54,48092,409,74441.04,0,0,0,830,165149.56,0,0,0,28,12443.47,49,4224,44181,186618675,4,484.86,38260,18550519,2,325.92,43399,14144655,13,1170.59,123250,18924,2053872.18,9,520.85,41921,4078,674914.17,55,5034.78,43560,36532,4030763.90
20160822,16,1318.47,40052,5281,401887.68,15,1179.72,47406,15006,1290377.04,16,1405.62,40510,10388,1214956.17,0,0,0,3340,626284.36,0,0,0,936,203112.06,0,0,0,409,74441.04,0,0,0,830,165149.56,0,0,0,28,12443.47,46,3799.83,42570,161760419,1,103.98,37646,3914472,0,0,0,0,24,1067.97,49143,18897,2052633.76,1,58.39,42027,4077,674855.78,47,3903.81,42439,36440,4022506.57
20160823,13,1016.63,44612,5253,399713.14,12,1046.95,47683,15225,1306517.67,17,1507.30,49360,10719,1247462.97,2,343.03,23714,3337,625619.53,1,196.06,40772,935,202916,0,0,0,409,74441.04,0,0,0,830,165149.56,0,0,0,28,12443.47,41,3441.99,47791,164496368,1,128.89,40184,5179353,3,539.09,29918,16128297,19,1112.53,41849,18827,2039078.22,0,0,0,4044,657745.60,45,4109.97,45208,36958,4068118.57
20160824,8,660.52,32988,5588,428382.84,34,2596.01,37956,15314,1320370.02,36,3485.07,46612,10668,1242098.58,4,538.04,36375,3333,625081.49,0,0,0,935,202916,0,0,0,412,75128.39,0,0,0,830,165149.56,0,0,0,28,12443.47,75,6148.39,37538,230800301,4,486.51,35834,17433701,3,644.74,83923,54108221,89,5246.45,53406,19109,2055877.19,1,55.56,22869,4028,650211.68,82,7279.64,41533,37330,4105425.54
20160825,13,1055.25,35999,5574,427271.32,18,1536.67,40210,15281,1317749.02,14,1315.37,40566,10646,1239885.93,4,540.94,41138,3321,623427.99,0,0,0,935,202916,0,0,0,410,74634.65,0,0,0,830,165149.56,0,0,0,28,12443.47,42,3556.41,39321,139841584,6,733.96,40758,29914413,1,157.86,35692,5634319,18,1078.60,33957,19587,2083542.21,6,1697.07,12750,4021,648426.81,49,4448.23,39429,37247,4097333.13
20160826,18,1509.73,49586,5663,431635.04,33,2883.02,48418,15402,1325870.15,6,579.21,43581,10660,1241007.47,0,0,0,3320,623155.20,1,546.65,148998,933,202110.76,0,0,0,409,74533.60,0,0,0,830,165149.56,0,0,0,28,12443.47,52,4317.11,47840,206529327,5,654.85,50645,33165161,1,546.65,148998,81449786,25,1654.63,55803,19568,2081415.35,10,2298.70,72629,4011,646128.11,58,5518.61,58193,37467,4109760.44
20160829,20,1712.01,36981,5639,429577.99,16,1400.94,46915,15421,1327584.67,12,1049.56,45405,10624,1237270.20,3,372.46,42324,3313,622279.18,0,0,0,933,202110.76,0,0,0,409,74533.60,0,0,0,830,165149.56,0,0,0,28,12443.47,46,3937.28,42187,166101349,5,597.69,44094,26354804,0,0,0,0,9,536.01,52816,19949,2116296.59,0,0,0,4009,645812.10,51,4534.97,42438,37420,4104900.38
20160830,5,394.59,41908,5633,429110.95,36,3002.52,42921,15377,1323822.62,13,1354.29,40387,10611,1235918.48,2,242.73,31560,3305,620906.36,0,0,0,932,202009.71,0,0,0,408,74433.36,3,622.70,42530,827,164526.86,0,0,0,28,12443.47,48,4010.19,43545,174624573,8,983.94,33682,33140852,3,622.70,42530,26483121,10,430,54862,19933,2114941.51,0,0,0,4009,645812.10,59,5616.83,41705,37344,4097122.76
20160831,17,1428.03,41358,5616,427682.92,45,3631.96,42426,15330,1320016.43,27,2613.97,52251,10581,1232944.83,1,140.19,51278,3299,620135.35,0,0,0,932,202009.71,0,0,0,408,74433.36,0,0,0,827,164526.86,0,0,0,28,12443.47,82,6802.22,45318,308261286,7,817.92,45822,37478781,1,194.01,57632,11181224,29,1353.45,37138,18979,2052137.30,0,0,0,4008,645707.84,90,7814.15,45676,37244,4088143.88
20160901,3,268.13,42098,5613,427414.79,30,2565.46,44922,15291,1316650.28,35,3162.40,41046,10544,1229567.86,5,628.23,55763,3295,619650.43,0,0,0,932,202009.71,0,0,0,408,74433.36,0,0,0,827,164526.86,0,0,0,28,12443.47,68,5942.32,43294,257266960,5,681.90,50009,34101470,0,0,0,0,41,2222.63,56875,18938,2049914.67,0,0,0,4008,645707.84,73,6624.22,43985,37161,4080647.71
20160902,52,4847.97,64808,5562,422639.27,136,14050.38,71504,15464,1324276.82,76,12390.70,91926,11432,1305479.32,46,9506.78,94342,3525,635980.01,31,6174.11,91044,999,210912.55,6,848.79,73963,400,72699.66,3,445.97,84489,824,164080.89,0,0,0,28,12443.47,188,16016.95,54929,879799397,31,3699.63,65393,241929937,131,28548.12,101429,2895605480,91,7963.45,58903,19617,2119369.82,6,1006.29,67822,4334,666312.35,350,48264.70,83235,38457,4182462.94
20160904,19,1399.64,40000,5531,420135.35,27,2143.19,43775,15616,1337042.38,18,1598.33,41126,11504,1317236.16,6,765.32,47534,3501,631921.39,0,0,0,1084,241617.94,0,0,0,394,71290.67,0,0,0,825,165361.79,0,0,0,28,12443.47,61,4816.77,41832,201494858,9,1089.71,46270,50421081,0,0,0,0,1,46.12,90536,19574,2108237.04,7,369,39770,4317,665373.99,70,5906.48,42651,38702,4231089.73
20160905,5,294.26,55355,5526,419841.09,24,2010.93,50021,15588,1334693.01,14,1274.90,48544,11487,1315694.45,2,253.56,59133,3499,631667.83,0,0,0,1084,241617.94,0,0,0,394,71290.67,0,0,0,825,165361.79,0,0,0,28,12443.47,42,3437.25,50255,172737956,3,396.40,53034,21022674,0,0,0,0,7,306.19,47310,19567,2107930.85,0,0,0,4317,665373.99,45,3833.65,50542,38650,4226650.83
20160906,10,812.59,44757,5516,419028.50,62,5357.01,47241,15534,1330075.25,12,1538.01,39398,11471,1313562.88,1,127.40,45585,3492,630469.85,1,195.72,44360,1081,240966.50,0,0,0,394,71290.67,1,190.84,42758,823,164897.52,0,0,0,28,12443.47,73,6167.09,47279,291574857,12,1434.69,44071,63228764,4,734.83,33072,24302473,51,3421.16,47552,19506,2104151.02,16,937.12,35698,4303,664606.17,89,8336.61,45475,38556,4216660.18
20160907,23,1400.97,52713,5492,417577.08,54,4702.16,47841,15480,1325389.87,10,1027.29,48535,11464,1312714.56,1,157.86,37023,3489,629909.17,0,0,0,1081,240966.50,0,0,0,394,71290.67,1,190.84,42300,822,164706.68,0,0,0,28,12443.47,80,6311.38,48672,307185885,7,819.04,50643,41478288,2,348.70,39911,13916935,31,1652.48,40476,19522,2105784.51,5,318.40,34810,4298,664287.77,89,7479.12,48479,38467,4208923.54
20160908,7,546.96,42106,5485,417030.12,41,3681.92,49402,15786,1350616.97,39,3776.91,47541,11422,1308417.63,7,1948.74,89723,3485,628721.73,2,731.53,127715,1079,240234.97,0,0,0,394,71290.67,2,350.45,65778,821,164785.28,0,0,0,28,12443.47,81,6884.05,44768,308187783,7,875.37,51082,44715799,13,3480.77,95533,332527459,75,4965.24,55510,19647,2112839.38,10,1924.90,65539,4286,662179.95,101,11240.19,60980,38714,4227262.70
20160911,10,606.88,67484,5560,427114.99,7,847.87,83548,15828,1359045.05,12,1419.81,75382,11342,1299412.49,5,1216.38,84173,3449,622328.92,2,367.06,87429,1064,237068.43,1,115.41,62334,390,70518.81,0,0,0,817,164070.38,0,0,0,28,12443.47,22,1629.14,60999,99375146,5,613.40,45810,28099794,10,2330.87,99970,233017351,7,398.92,51473,20146,2144037.11,0,0,0,4266,659331.05,37,4573.41,78824,38690,4225522.57
20160912,11,786.82,54100,5550,426400.83,26,2200.54,55560,15804,1357022.41,17,1762.05,67177,11327,1297866.20,10,1835.01,83584,3439,620493.91,2,414.93,93685,1062,236653.50,0,0,0,390,70518.81,1,151.91,52222,816,163918.47,0,0,0,28,12443.47,47,3795.25,51979,197273047,9,1027,62703,64395826,11,2329.01,95196,221713080,14,951.58,35526,20132,2143085.53,3,175.34,40764,4263,659155.71,67,7151.26,67594,38628,4218837.63
20160913,17,1538.91,47229,5609,431044.90,58,5019.53,44962,16127,1384516.12,35,4497.95,51163,11349,1298591.36,14,2645.70,92197,3426,618024.76,1,184.02,77192,1061,236469.48,0,0,0,390,70518.81,2,303.13,66959,816,164306.76,0,0,0,28,12443.47,89,7557.27,44907,339370794,20,2477.93,48654,120561681,18,4154.04,83532,346994552,56,3522.25,57092,20093,2148287.55,5,271.75,29966,4228,644730.18,127,14189.24,56869,39018,4249435.69
20160918,5,451.31,75387,5310,414563.94,23,1820.38,49227,16006,1373171.77,29,2941.87,57657,11266,1288721.40,4,732.96,70484,3406,613810.01,0,0,0,1058,235633.05,0,0,0,389,70418.57,2,263.09,109608,813,163094.18,0,0,0,28,12443.47,52,4294.57,47407,203593241,5,593.25,64990,38555235,6,1321.79,99565,131603641,2,129.69,37695,19992,2142931.78,0,0,0,4217,643083.24,63,6209.61,60189,38488,4205376.42
20160919,23,1787.64,54914,5287,412760.08,42,3453.95,45036,15987,1371695.32,45,4585.18,52901,11226,1284752.15,18,2545.02,56269,3391,611692.34,0,0,0,1058,235633.05,1,207.55,66123,390,70704.76,1,86.54,150691,812,163007.64,0,0,0,28,12443.47,94,7583.37,47398,359437343,30,3715.35,47781,177524049,6,1367.16,94566,129286254,83,4613.01,53982,20215,2161528.86,0,0,0,4217,643083.24,130,12665.88,52602,38391,4196208.84
20160920,19,1486.76,43131,5268,411273.32,42,3808.52,48430,15945,1367886.80,32,3432.35,63479,11196,1281814.08,6,923.14,65394,3385,610761.26,1,228.93,107592,1057,235404.12,2,265.61,78526,388,70439.15,1,87.22,142508,811,162920.42,0,0,0,28,12443.47,80,6713.74,46406,311554464,12,1409.60,49922,70369722,11,2109.19,96157,202812560,57,5993.94,37209,20158,2155534.92,15,1523.12,26623,4202,641560.12,103,10232.53,57145,38290,4186462.65
20160921,11,830.79,55873,5258,410515.19,39,3728.75,60784,15574,1335907.39,18,2060.51,64504,11002,1257973.67,8,1549.22,73422,3378,609396.53,2,375.09,92164,1012,226441.82,1,115.41,62334,387,70323.74,0,0,0,811,162920.42,0,0,0,28,12443.47,57,4785.02,49180,235326368,11,1394.66,50299,70150624,11,2480.09,103228,256013597,64,4113.09,59418,20094,2151421.83,7,500.93,32342,4195,641059.19,79,8659.77,64839,37662,4119442.26
20160922,21,1820.33,44702,5237,408694.86,54,4948,53625,16185,1386563.89,25,2461.81,51002,12025,1368440.78,7,1053.54,58183,3597,644053.94,2,440.91,81539,1052,234402.12,2,215.63,67687,386,70208.35,0,0,0,811,162920.42,0,0,0,28,12443.47,84,7036.92,46205,325143150,16,1809.35,42072,76122358,11,2093.95,87321,182844815,56,3409.94,53008,20242,2191456.36,8,604.13,23658,4188,640506.87,111,10940.22,53391,39533,4321247.86
20160926,19,1514.73,42121,5562,432118.42,33,2754.20,54340,17108,1469990.52,14,1659.13,62537,12749,1437091.90,5,988.37,99806,3663,652656.82,2,729.15,115203,1046,232928.71,0,0,0,608,94841.54,0,0,0,809,162657.03,0,0,0,28,12443.47,56,4589.98,50020,229588673,7,874.31,59990,52449659,10,2181.29,99863,217830590,0,0,0,20388,2197677.97,0,0,0,4163,636911.98,73,7645.58,65380,41784,4528104.35
20160927,16,1497.08,57884,5546,430621.34,52,4332.33,48367,17058,1465838.90,25,3132.06,59194,12725,1434049.76,7,1169.83,66349,3656,651486.99,0,0,0,1046,232928.71,0,0,0,608,94841.54,1,87.24,149037,808,162569.79,0,0,0,28,12443.47,75,6213.95,47245,293577918,17,2140.56,47631,101957003,9,1864.03,94785,176682596,35,1966.43,56319,20353,2195711.54,9,1417.39,20092,4154,635494.59,101,10218.54,55998,41686,4518156.44
