日期,一房成交套数,一房成交面积,一房成交均价,一房可售套数,一房可售面积,二房成交套数,二房成交面积,二房成交均价,二房可售套数,二房可售面积,三房成交套数,三房成交面积,三房成交均价,三房可售套数,三房可售面积,四房成交套数,四房成交面积,四房成交均价,四房可售套数,四房可 >售面积,四房以上成交套数,四房以上成交面积,四房以上成交均价,四房以上可售套数,四房以上可售面积,复式成交套数,复式成交面积,复式成交>均价,复式可售套数,复式可售面积,复式住宅成交套数,复式住宅成交面积,复式住宅成交均价,复式住宅可售套数,复式住宅可售面积,别墅成交套>数,别墅成交面积,别墅成交均价,别墅可售套数,别墅可售面积,90平方米以下成交套数,90平方米以下成交面积,90平方米以下成交均价,90平方米>以下成交金额,90~140平方米成交套数,90~140平方米成交面积,90~140平方米成交均价,90~140平方米成交金额,144平方米以上成交套数,144平方 >米以上成交面积,144平方米以上成交均价,144平方米以上成交金额,商业成交套数,商业成交面积,商业成交均价,商业可售套数,商业可售面积,办>公楼成交套数,办公楼成交面积,办公楼成交均价,办公楼可售套数,办公楼可售面积,住宅成交套数,住宅成交面积,住宅成交均价,住宅可售套数,住宅可售面积
20160305,0,0,0,202,11450.58,2,146.70,39399,377,28354.34,1,88.83,38116,380,44055.14,1,123.79,43326,361,74484.97,0,0,0,2,279.38,0,0,0,1,631.65,0,0,0,33,6605.33,0,0,0,5,2794.17,3,235.53,38915,9165612,1,123.79,43326,5363331,0,0,0,0,0,0,0,993,86648.57,0,0,0,261,16751.90,4,359.32,40435,1377,169218.48
20160307,0,0,0,202,11450.58,0,0,0,377,28354.34,0,0,0,380,44055.14,0,0,0,361,74484.97,0,0,0,2,279.38,0,0,0,1,631.65,0,0,0,33,6605.33,0,0,0,5,2794.17,0,0,0,0,0,0,0,0,0,0,0,0,0,0,0,993,86648.57,0,0,0,261,16751.90,0,0,0,1377,169218.48
20160309,0,0,0,192,10862.57,1,82.72,57657,359,27064.36,4,387.05,60910,259,29700.59,4,1039.97,70615,288,60825.16,0,0,0,2,279.38,0,0,0,1,631.65,0,0,0,33,6605.33,0,0,0,5,2794.17,1,82.72,57657,4769354,4,387.05,60910,23575034,4,1039.97,70615,73437246,0,0,0,993,86648.57,0,0,0,261,16751.90,9,1509.74,67417,1155,139326.13
20160311,0,0,0,192,10862.57,2,144.91,46548,350,26416.13,3,296.51,60654,255,29344.10,4,850.24,63202,283,59851.13,0,0,0,2,279.38,0,0,0,1,631.65,0,0,0,33,6605.33,0,0,0,5,2794.17,2,144.91,46548,6745275,4,418.90,54539,22846370,3,727.85,67150,48875385,0,0,0,992,86576.05,0,0,0,261,16751.90,9,1291.66,60749,1137,137347.38
20160314,0,0,0,188,10648.96,0,0,0,346,26126.16,0,0,0,255,29344.10,0,0,0,283,59851.13,0,0,0,2,279.38,0,0,0,1,631.65,0,0,0,33,6605.33,0,0,0,5,2794.17,0,0,0,0,0,0,0,0,0,0,0,0,0,0,0,988,86338.01,0,0,0,257,16576.44,0,0,0,1129,136843.80
20160315,0,0,0,188,10648.96,3,219.66,38902,343,25906.50,1,87.88,38756,254,29256.22,0,0,0,283,59851.13,0,0,0,2,279.38,0,0,0,1,631.65,0,0,0,33,6605.33,0,0,0,5,2794.17,4,307.54,38860,11951128,0,0,0,0,0,0,0,0,4,176.39,59054,984,86161.62,4,200.29,54366,253,16376.15,4,307.54,38860,1125,136536.26
20160317,3,164.91,54940,185,10484.05,5,386.67,44222,337,25430.37,1,115.43,49851,253,29140.79,0,0,0,283,59851.13,0,0,0,2,279.38,0,0,0,1,631.65,0,0,0,33,6605.33,0,0,0,5,2794.17,8,551.58,47426,26159479,1,115.43,49851,5754309,0,0,0,0,0,0,0,757,68751.22,0,0,0,175,11104.32,9,667.01,47846,1115,135779.79
20160318,2,117.97,54658,183,10366.08,10,817.64,42749,327,24612.73,1,86.53,42731,252,29054.26,1,122.39,41878,282,59728.74,0,0,0,2,279.38,0,0,0,1,631.65,0,0,0,33,6605.33,0,0,0,5,2794.17,10,728.11,44853,32657697,4,416.42,42186,17567068,0,0,0,0,0,0,0,984,86161.62,0,0,0,253,16376.15,14,1144.53,43882,1101,134635.26
20160320,0,0,0,183,10366.08,0,0,0,319,23982.91,0,0,0,249,28695.27,0,0,0,278,58834.04,0,0,0,2,279.38,0,0,0,1,631.65,0,0,0,33,6605.33,0,0,0,5,2794.17,0,0,0,0,0,0,0,0,0,0,0,0,0,0,0,979,85853.45,0,0,0,250,16251.91,0,0,0,1086,132751.75
20160321,0,0,0,183,10366.08,0,0,0,307,22941.79,0,0,0,242,27873.68,1,237.59,64884,277,58596.45,0,0,0,2,279.38,0,0,0,1,631.65,0,0,0,33,6605.33,0,0,0,5,2794.17,0,0,0,0,0,0,0,0,1,237.59,64884,15415800,0,0,0,979,85853.45,0,0,0,250,16251.91,1,237.59,64884,1066,130651.45
20160322,0,0,0,183,10366.08,0,0,0,307,22941.79,0,0,0,136,15413.98,0,0,0,240,51458.83,0,0,0,2,279.38,0,0,0,1,631.65,0,0,0,33,6605.33,0,0,0,5,2794.17,0,0,0,0,0,0,0,0,0,0,0,0,0,0,0,979,85853.45,0,0,0,250,16251.91,0,0,0,921,110862.05
20160323,0,0,0,181,10248.01,0,0,0,316,23774.86,0,0,0,253,29440.37,0,0,0,240,51458.83,0,0,0,2,279.38,0,0,0,1,631.65,0,0,0,33,6605.33,0,0,0,5,2794.17,0,0,0,0,0,0,0,0,0,0,0,0,0,0,0,976,85728.33,0,0,0,250,16251.91,0,0,0,1045,125603.44
20160324,2,118.07,51625,181,10248.01,3,208.05,57275,316,23774.86,2,246.37,38394,251,29194,0,0,0,240,51458.83,0,0,0,2,279.38,0,0,0,1,631.65,0,0,0,33,6605.33,0,0,0,5,2794.17,6,415.68,50155,20848549,0,0,0,0,1,156.81,42229,6621854,3,125.12,53397,976,85728.33,0,0,0,250,16251.91,7,572.49,47984,1043,125357.07
20160325,0,0,0,181,10248.01,0,0,0,316,23774.86,4,479.84,91483,247,28714.16,2,360.16,90589,303,62801.03,0,0,0,2,279.38,0,0,0,1,631.65,0,0,0,33,6605.33,0,0,0,5,2794.17,0,0,0,0,4,479.84,91483,43897248,2,360.16,90589,32626462,1,76.10,53338,975,85652.23,0,0,0,250,16251.91,6,840,91100,1102,136219.43
20160326,1,58.66,54250,180,10189.35,0,0,0,316,23774.86,3,393.39,88639,242,28007.81,1,267.46,68233,297,61596.44,0,0,0,2,279.38,0,0,0,1,631.65,0,0,0,32,5971.13,0,0,0,5,2794.17,1,58.66,54250,3182285,2,237.71,96295,22890228,2,423.14,71440,30229179,0,0,0,975,85652.23,0,0,0,250,16251.91,5,719.51,78250,1089,133615.63
20160327,0,0,0,180,10189.35,0,0,0,316,23774.86,0,0,0,242,28007.81,1,180.08,91710,296,61416.36,0,0,0,2,279.38,0,0,0,1,631.65,0,0,0,32,5971.13,0,0,0,5,2794.17,0,0,0,0,0,0,0,0,1,180.08,91710,16515069,0,0,0,975,85652.23,0,0,0,250,16251.91,1,180.08,91710,1088,133435.55
20160328,0,0,0,180,10189.35,0,0,0,316,23774.86,1,121.08,84152,241,27886.73,0,0,0,296,61416.36,0,0,0,2,279.38,0,0,0,1,631.65,0,0,0,32,5971.13,0,0,0,5,2794.17,0,0,0,0,1,121.08,84152,10189175,0,0,0,0,0,0,0,975,85652.23,0,0,0,250,16251.91,1,121.08,84152,1087,133314.47
20160329,0,0,0,180,10189.35,0,0,0,316,23774.86,3,360.99,89263,237,27370.06,0,0,0,296,61416.36,0,0,0,2,279.38,0,0,0,1,631.65,0,0,0,32,5971.13,0,0,0,5,2794.17,0,0,0,0,3,360.99,89263,32223143,0,0,0,0,0,0,0,975,85652.23,0,0,0,250,16251.91,3,360.99,89263,1083,132797.80
20160330,0,0,0,180,10189.35,0,0,0,316,23774.86,0,0,0,345,40060.62,0,0,0,333,68553.98,0,0,0,2,279.38,0,0,0,1,631.65,0,0,0,32,5971.13,0,0,0,5,2794.17,0,0,0,0,0,0,0,0,0,0,0,0,0,0,0,975,85652.23,0,0,0,250,16251.91,0,0,0,1228,152625.98
20160331,0,0,0,180,10189.35,4,284.47,38452,312,23490.39,2,247.97,67463,343,39852.90,1,267.46,64945,331,68019.06,0,0,0,2,279.38,0,0,0,1,631.65,0,0,0,32,5971.13,0,0,0,5,2794.17,5,374.35,41167,15411018,2,194.49,45441,8837816,2,423.14,71718,30346812,0,0,0,975,85652.23,0,0,0,250,16251.91,9,991.98,55037,1220,151598.87
20160401,0,0,0,180,10189.35,0,0,0,312,23490.39,1,115.43,54077,343,39852.90,1,267.46,84725,331,68019.06,0,0,0,2,279.38,0,0,0,1,631.65,0,0,0,32,5971.13,0,0,0,5,2794.17,0,0,0,0,1,115.43,54077,6242088,1,267.46,84725,22660433,0,0,0,975,85652.23,0,0,0,250,16251.91,2,382.89,75485,1220,151598.87
20160405,0,0,0,178,10071.77,0,0,0,267,19923.92,0,0,0,224,26113.94,0,0,0,320,66662.33,0,0,0,2,279.38,0,0,0,1,631.65,0,0,0,32,5971.13,0,0,0,5,2794.17,0,0,0,0,0,0,0,0,0,0,0,0,0,0,0,971,85430.10,0,0,0,250,16251.91,0,0,0,1043,132819.13
20160406,0,0,0,178,10071.77,0,0,0,267,19923.92,1,117.46,77012,223,25996.48,2,504.92,73627,318,66157.41,0,0,0,2,279.38,0,0,0,1,631.65,0,0,0,32,5971.13,0,0,0,5,2794.17,0,0,0,0,1,117.46,77012,9045869,2,504.92,73627,37175544,0,0,0,789,73883.57,0,0,0,330,38973.12,3,622.38,74266,1040,132196.75
20160407,1,59.46,54064,177,10012.31,5,418.58,44048,262,19505.34,0,0,0,223,25996.48,0,0,0,318,66157.41,0,0,0,2,279.38,0,0,0,1,631.65,0,0,0,32,5971.13,0,0,0,5,2794.17,6,478.04,45294,21652359,0,0,0,0,0,0,0,0,0,0,0,789,73883.57,0,0,0,330,38973.12,6,478.04,45294,1034,131718.71
20160408,0,0,0,177,10012.31,0,0,0,262,19505.34,0,0,0,223,25996.48,0,0,0,318,66157.41,0,0,0,2,279.38,0,0,0,1,631.65,0,0,0,32,5971.13,0,0,0,5,2794.17,0,0,0,0,0,0,0,0,0,0,0,0,4,206.16,58311,999,90356.29,0,0,0,405,44120.71,0,0,0,1034,131718.71
20160411,0,0,0,175,9894.99,0,0,0,297,22239.31,6,705.69,70580,330,38323.59,2,430.28,68143,327,67083.86,0,0,0,2,279.38,0,0,0,1,631.65,0,0,0,32,5971.13,0,0,0,5,2794.17,0,0,0,0,6,705.69,70580,49807828,2,430.28,68143,29320439,0,0,0,999,90356.29,0,0,0,405,44120.71,8,1135.97,69657,1183,147588.92
20160412,2,117.38,52581,173,9777.61,1,66.06,53370,296,22173.25,0,0,0,330,38323.59,1,267.39,62195,326,66816.47,0,0,0,2,279.38,0,0,0,1,631.65,0,0,0,32,5971.13,0,0,0,5,2794.17,3,183.44,52865,9697521,0,0,0,0,1,267.39,62195,16630374,0,0,0,999,90356.29,0,0,0,405,44120.71,4,450.83,58399,1179,147138.09
20160413,0,0,0,173,9777.61,1,66.01,56095,295,22107.24,0,0,0,330,38323.59,0,0,0,240,44240.55,0,0,0,2,279.38,0,0,0,1,631.65,0,0,0,32,5971.13,0,0,0,5,2794.17,1,66.01,56095,3702806,0,0,0,0,0,0,0,0,0,0,0,1000,90402.73,0,0,0,405,44120.71,1,66.01,56095,1092,124496.16
20160414,1,47.87,55552,172,9729.74,2,151,61253,293,21956.24,2,235.20,73528,328,38088.39,3,566.23,76251,237,43674.32,0,0,0,2,279.38,0,0,0,1,631.65,0,0,0,32,5971.13,0,0,0,5,2794.17,3,198.87,59881,11908501,2,235.20,73528,17293878,3,566.23,76251,43175689,0,0,0,1000,90402.73,0,0,0,405,44120.71,8,1000.30,72356,1084,123495.86
20160415,0,0,0,172,9729.74,9,679.29,39684,851,61139.22,4,356.58,41817,811,83939.03,1,180.25,91716,396,64068.39,0,0,0,2,279.38,0,0,0,1,631.65,0,0,0,32,5971.13,0,0,0,5,2794.17,11,844.65,40224,33974799,2,191.22,41279,7893282,1,180.25,91716,16531899,0,0,0,1282,118810.18,0,0,0,405,44120.71,14,1216.12,48022,2284,228923.55
20160416,0,0,0,172,9729.74,1,73.36,42201,850,61065.68,9,1029.28,70113,802,82909.69,4,759.26,73853,392,63309.13,0,0,0,2,279.38,0,0,0,1,631.65,0,0,0,32,5971.13,0,0,0,5,2794.17,2,159.89,40564,6485747,8,942.75,72953,68776370,4,759.26,73853,56073356,0,0,0,1282,118870.18,0,0,0,405,44120.71,14,1861.90,70538,2270,227061.41
20160419,2,106.53,53722,170,9623.21,1,65.89,59016,849,60999.79,4,470.59,70960,798,82439.10,2,373.48,81743,390,62935.65,0,0,0,2,279.38,0,0,0,1,631.65,0,0,0,32,5971.13,0,0,0,5,2794.17,3,172.42,55745,9611554,4,470.59,70960,33392951,2,373.48,81743,30529423,0,0,0,1282,118870.18,0,0,0,405,44120.71,9,1016.49,72341,2261,226044.92
20160420,0,0,0,170,9623.21,8,653.11,38809,841,60346.68,2,206.47,55410,692,69613.98,2,317.81,58711,284,42861.40,0,0,0,2,279.38,0,0,0,0,0,0,0,0,32,5971.13,0,0,0,5,2794.17,6,447.72,39007,17464197,5,536.67,45348,24336675,1,193,70700,13645187,0,0,0,1282,118870.18,0,0,0,405,44120.71,12,1177.39,47092,2040,191860.79
20160421,3,176.42,55575,167,9446.79,1,65.93,56259,840,60280.75,5,587.44,66409,687,69026.54,0,0,0,226,32420.13,0,0,0,2,279.38,0,0,0,0,0,0,0,0,32,5971.13,0,0,0,5,2794.17,4,242.35,55761,13513753,5,587.44,66409,39011372,0,0,0,0,0,0,0,1282,118870.18,0,0,0,405,44120.71,9,829.79,63299,1973,180589.73
20160422,0,0,0,167,9446.79,0,0,0,840,60280.75,4,469.04,70987,683,68557.50,0,0,0,226,32420.13,0,0,0,2,279.38,0,0,0,0,0,0,0,0,32,5971.13,0,0,0,5,2794.17,0,0,0,0,4,469.04,70987,33295756,0,0,0,0,5,269.91,57982,1277,118600.27,0,0,0,405,44120.71,4,469.04,70987,1969,180120.69
20160425,0,0,0,164,9270.20,0,0,0,810,57892.98,4,469.36,73441,595,58532.67,0,0,0,183,24822.89,0,0,0,2,279.38,0,0,0,0,0,0,0,0,32,5971.13,0,0,0,5,2794.17,0,0,0,0,4,469.36,73441,34470087,0,0,0,0,0,0,0,1277,118600.27,0,0,0,405,44120.71,4,469.36,73441,1805,159934.26
20160426,1,59.10,54401,163,9211.10,2,146.48,58553,842,60529.75,0,0,0,685,68947.66,12,2790.17,70357,403,71695,0,0,0,2,279.38,0,0,0,1,631.65,0,0,0,32,5971.13,0,0,0,5,2794.17,3,205.58,57359,11791892,0,0,0,0,12,2790.17,70357,196309085,0,0,0,1277,118600.27,0,0,0,405,44120.71,15,2995.75,69465,2147,220430.68
20160427,2,118.43,54639,86,4844.38,4,290.12,39869,712,51035.32,6,613.84,59275,672,67536.75,3,712.53,68514,399,70856.81,0,0,0,2,279.38,0,0,0,1,631.65,0,0,0,32,5971.13,0,0,0,5,2794.17,9,670.49,43554,29202620,3,351.90,71670,25220657,3,712.53,68514,48818248,0,0,0,920,89211.05,0,0,0,330,38973.12,15,1734.92,59508,1923,204320.43
20160428,0,0,0,86,4844.38,0,0,0,712,51035.32,0,0,0,672,67536.75,3,623.38,67999,396,70233.43,0,0,0,2,279.38,0,0,0,1,631.65,0,0,0,32,5971.13,0,0,0,5,2794.17,0,0,0,0,0,0,0,0,3,623.38,67999,42389235,0,0,0,920,89211.05,0,0,0,330,38973.12,3,623.38,67999,1920,203697.05
20160429,0,0,0,161,9092.67,0,0,0,838,60239.63,1,121.08,86724,679,68333.82,0,0,0,397,70359.09,0,0,0,2,279.38,0,0,0,1,631.65,0,0,0,32,5971.13,0,0,0,5,2794.17,0,0,0,0,1,121.08,86724,10500587,0,0,0,0,2,114.88,51310,1275,118485.39,1,43.84,56699,404,44076.87,1,121.08,86724,2129,218072.38
20160503,0,0,0,86,4844.38,1,70.25,59874,703,50276.47,0,0,0,667,66946.02,0,0,0,396,70233.43,0,0,0,2,279.38,0,0,0,1,631.65,0,0,0,32,5971.13,0,0,0,5,2794.17,1,70.25,59874,4206164,0,0,0,0,0,0,0,0,0,0,0,1119,105068.43,0,0,0,404,44076.87,1,70.25,59874,1906,202347.47
20160504,0,0,0,86,4844.38,0,0,0,703,50276.47,0,0,0,667,66946.02,0,0,0,395,70040.43,0,0,0,2,279.38,0,0,0,1,631.65,0,0,0,32,5971.13,0,0,0,5,2794.17,0,0,0,0,0,0,0,0,0,0,0,0,0,0,0,1119,105068.43,0,0,0,404,44076.87,0,0,0,1905,202154.47
20160505,0,0,0,86,4844.38,0,0,0,703,50276.47,0,0,0,667,66946.02,0,0,0,394,69772.97,0,0,0,2,279.38,0,0,0,1,631.65,0,0,0,32,5971.13,0,0,0,5,2794.17,0,0,0,0,0,0,0,0,0,0,0,0,0,0,0,1119,105068.43,0,0,0,404,44076.87,0,0,0,1904,201887.01
20160506,0,0,0,86,4844.38,0,0,0,703,50276.47,0,0,0,663,66476.10,0,0,0,388,68437.92,0,0,0,2,279.38,0,0,0,1,631.65,0,0,0,32,5971.13,0,0,0,5,2794.17,0,0,0,0,0,0,0,0,0,0,0,0,4,206.87,60877,1115,104861.56,3,159.05,55898,401,43917.82,0,0,0,1894,200082.04
20160509,0,0,0,86,4844.38,0,0,0,703,50276.47,0,0,0,601,59182.59,0,0,0,289,44334.90,0,0,0,2,279.38,0,0,0,1,631.65,0,0,0,32,5971.13,0,0,0,5,2794.17,0,0,0,0,0,0,0,0,0,0,0,0,0,0,0,1115,104861.56,0,0,0,401,43917.82,0,0,0,1733,168685.51
20160510,0,0,0,86,4844.38,0,0,0,681,48471.94,0,0,0,593,58473.60,1,267.46,65556,279,43102.98,0,0,0,2,279.38,0,0,0,1,631.65,0,0,0,32,5971.13,0,0,0,5,2794.17,0,0,0,0,0,0,0,0,1,267.46,65556,17533691,0,0,0,1115,104861.56,0,0,0,401,43917.82,1,267.46,65556,1693,164940.07
20160511,0,0,0,86,4844.38,1,70.25,62665,680,48401.69,2,206.39,77428,588,57763.51,1,180.08,88250,182,24697.23,0,0,0,2,279.38,0,0,0,0,0,0,0,0,32,5971.13,0,0,0,5,2794.17,2,157.77,60225,9501751,1,118.87,91535,10880747,1,180.08,88250,15892107,0,0,0,1115,104861.56,0,0,0,401,43917.82,4,456.72,79424,1589,145122.33
20160512,0,0,0,86,4844.38,2,142.08,57512,678,48259.61,3,263.70,62493,585,57499.81,0,0,0,182,24697.23,0,0,0,2,279.38,0,0,0,0,0,0,0,0,32,5971.13,0,0,0,5,2794.17,5,405.78,60749,24650730,0,0,0,0,0,0,0,0,0,0,0,1115,104861.56,0,0,0,401,43917.82,5,405.78,60749,1584,144716.55
20160513,0,0,0,86,4844.38,0,0,0,678,48259.61,0,0,0,585,57499.81,0,0,0,182,24697.23,0,0,0,2,279.38,0,0,0,0,0,0,0,0,32,5971.13,0,0,0,5,2794.17,0,0,0,0,0,0,0,0,0,0,0,0,0,0,0,1115,104861.56,0,0,0,401,43917.82,0,0,0,1584,144716.55
20160517,0,0,0,86,4844.38,1,70.25,60586,675,48050.78,1,90.04,53839,584,57409.77,0,0,0,181,24570.13,1,259.55,48603,2,279.38,0,0,0,0,0,0,0,0,32,5971.13,0,0,0,5,2794.17,1,70.25,60586,4256137,1,90.04,53839,4847708,1,259.55,48603,12614869,0,0,0,1111,104620.94,0,0,0,398,43762.01,3,419.84,51731,1579,144290.58
20160518,0,0,0,86,4844.38,1,70.25,63450,674,47980.53,0,0,0,584,57409.77,0,0,0,181,24570.13,0,0,0,2,279.38,0,0,0,0,0,0,0,0,32,5971.13,0,0,0,5,2794.17,1,70.25,63450,4457351,0,0,0,0,0,0,0,0,0,0,0,1111,104620.94,0,0,0,398,43762.01,1,70.25,63450,1578,144220.33
20160519,0,0,0,86,4844.38,3,206.88,59742,671,47773.65,2,176.42,62556,648,65149.43,1,126.12,57783,377,67220.10,0,0,0,2,279.38,0,0,0,1,631.65,0,0,0,32,5971.13,0,0,0,5,2794.17,5,383.30,61038,23395693,1,126.12,57783,7287601,0,0,0,0,2,123.85,57811,1109,104497.09,0,0,0,398,43762.01,6,509.42,60232,1836,195034.73
20160520,0,0,0,86,4844.38,3,208.51,55448,668,47565.14,2,211.94,66232,646,64937.49,1,127.09,69680,376,67093.01,0,0,0,2,279.38,0,0,0,1,631.65,0,0,0,32,5971.13,0,0,0,5,2794.17,3,208.51,55448,11561445,3,339.03,67524,22892771,0,0,0,0,0,0,0,1109,104497.09,0,0,0,398,43762.01,6,547.54,62925,1830,194487.19
20160521,0,0,0,86,4844.38,5,351.31,56197,663,47213.83,3,282.61,63387,738,75909.52,0,0,0,212,30682.24,0,0,0,2,279.38,0,0,0,0,0,0,0,0,32,5971.13,0,0,0,5,2794.17,7,528.26,57392,30318036,1,105.66,69453,7338423,0,0,0,0,0,0,0,1109,104497.09,0,0,0,398,43762.01,8,633.92,59403,1752,168065.49
20160523,0,0,0,86,4844.38,0,0,0,658,46862.91,0,0,0,667,67789.05,0,0,0,176,23927.09,0,0,0,2,279.38,0,0,0,0,0,0,0,0,32,5971.13,0,0,0,5,2794.17,0,0,0,0,0,0,0,0,0,0,0,0,0,0,0,1109,104497.09,0,0,0,398,43762.01,0,0,0,1640,152838.95
20160524,0,0,0,86,4844.38,5,354.48,56709,653,46508.43,3,278.69,62340,664,67510.36,2,250.79,63616,174,23676.30,0,0,0,2,279.38,0,0,0,0,0,0,0,0,32,5971.13,0,0,0,5,2794.17,7,528.22,57874,30570039,3,355.74,64261,22860161,0,0,0,0,0,0,0,1109,104497.09,0,0,0,398,43762.01,10,883.96,60444,1630,151954.99
20160527,0,0,0,86,4844.38,4,278.82,56326,641,45664.86,7,680.26,63613,648,66215.50,0,0,0,265,41305.21,0,0,0,6,1316.06,0,0,0,3,1602.85,0,0,0,34,6942.24,0,0,0,5,2794.17,8,628.39,56599,35566163,3,330.69,70797,23412015,0,0,0,0,0,0,0,1112,104678.32,0,0,0,398,43762.01,11,959.08,61495,1702,171056.11
20160530,0,0,0,86,4844.38,10,694.36,57921,620,44200,11,1025.48,58945,631,64604.04,2,252.49,63204,259,40471.50,0,0,0,6,1316.06,0,0,0,3,1602.85,0,0,0,34,6942.24,0,0,0,5,2794.17,17,1309.13,57766,75622603,6,663.20,61823,41000938,0,0,0,0,0,0,0,1112,104678.32,0,0,0,398,43762.01,23,1972.33,59130,1658,167146.08
20160531,0,0,0,86,4844.38,7,493.11,58252,613,43706.89,7,636.06,57766,624,63967.98,2,328.63,71187,257,40143.24,0,0,0,6,1316.06,0,0,0,3,1602.85,0,0,0,34,6942.24,0,0,0,5,2794.17,11,842.12,57878,48740445,4,422.68,62129,26260729,1,193,71812,13859666,4,195.76,57458,1108,104482.56,7,297.86,57754,391,43464.15,16,1457.80,60955,1642,165688.65
20160601,0,0,0,86,4844.38,7,487.29,57302,606,43219.60,12,1204.72,62331,612,62763.26,6,841.99,67637,252,39493.88,0,0,0,6,1316.06,0,0,0,3,1602.85,0,0,0,34,6942.24,0,0,0,5,2794.17,11,841.33,59731,50253567,13,1500.04,64916,97376236,1,192.63,64029,12333897,0,0,0,1108,104482.56,0,0,0,391,43464.15,25,2534,63127,1618,163347.28
20160602,0,0,0,86,4844.38,9,633.57,57969,597,42586.03,7,632.37,60425,667,69424.40,6,791.34,66220,279,45067.86,0,0,0,6,1316.06,0,0,0,3,1602.85,0,0,0,34,6942.24,0,0,0,5,2794.17,15,1158.96,58806,68153292,7,898.32,65887,59187950,0,0,0,0,7,437.11,60050,1101,104045.45,1,42.67,58289,390,43421.48,22,2057.28,61898,1691,174948.83
20160603,0,0,0,86,4844.38,13,911.98,57786,584,41674.05,9,851.59,61866,658,68572.81,3,391.35,64180,343,62681.53,0,0,0,6,1316.06,0,0,0,3,1602.85,0,0,0,34,6942.24,0,0,0,5,2794.17,18,1352.62,59059,79884018,7,802.30,63090,50616856,0,0,0,0,0,0,0,1101,104045.45,0,0,0,390,43421.48,25,2154.92,60560,1733,190798.93
20160605,0,0,0,86,4844.38,13,911.98,57786,584,41674.05,9,851.59,61866,658,68572.81,3,391.35,64180,343,62681.53,0,0,0,6,1316.06,0,0,0,3,1602.85,0,0,0,34,6942.24,0,0,0,5,2794.17,18,1352.62,59059,79884018,7,802.30,63090,50616856,0,0,0,0,0,0,0,1101,104045.45,0,0,0,390,43421.48,25,2154.92,60560,1733,190798.93
20160606,0,0,0,86,4844.38,6,421.19,58064,574,40975.90,14,1431.02,63233,641,66858.04,4,625.08,68364,336,61446.45,0,0,0,6,1316.06,0,0,0,3,1602.85,0,0,0,34,6942.24,0,0,0,5,2794.17,11,862.35,58789,50696304,12,1377.35,65058,89607518,1,237.59,73122,17373031,0,0,0,1101,104045.45,0,0,0,390,43421.48,24,2477.29,63649,1699,187150.93
20160607,0,0,0,86,4844.38,10,703.40,58993,564,40272.50,13,1364.72,66631,629,65611.43,2,323.96,69473,392,71576.68,0,0,0,6,1316.06,0,0,0,3,1602.85,0,0,0,34,6942.24,0,0,0,5,2794.17,13,968.06,58445,56577789,11,1231.02,69346,85365877,1,193,67314,12991653,0,0,0,1101,104045.45,0,0,0,390,43421.48,25,2392.08,64770,1733,195331.15
20160608,1,58.97,54823,160,9033.70,1,80.55,59723,719,51889.39,9,951.64,66997,640,66756.58,3,484.87,87252,400,72449.39,0,0,0,6,1316.06,0,0,0,3,1602.85,0,0,0,34,6942.24,0,0,0,5,2794.17,4,313.97,59090,18552346,8,901.90,68122,61438879,2,360.16,94722,34115133,0,0,0,1252,117185.42,0,0,0,390,43421.48,14,1576.03,72401,1981,213155.22
20160614,2,117.94,57041,148,8347.07,7,551.16,45480,685,49398.89,8,719.15,60946,612,64018.35,3,432.70,74063,385,70040.58,0,0,0,6,1316.06,0,0,0,3,1602.85,0,0,0,34,6942.24,0,0,0,5,2794.17,14,1085.13,56191,60973999,5,555.74,56027,31136179,1,180.08,86410,15560684,6,324.59,59603,1240,116539.92,2,79.33,58092,385,43216.51,20,1820.95,59129,1892,204831.05
20160615,0,0,0,148,8347.07,3,243.07,38971,254,19036.79,3,295.45,51793,267,31255.12,7,1048.64,53048,267,54816.62,0,0,0,6,1316.06,0,0,0,3,1602.85,0,0,0,34,6942.24,0,0,0,5,2794.17,4,322.77,39865,12867254,7,834.32,45585,38032247,2,430.07,68602,29503526,0,0,0,958,88072.47,0,0,0,385,43216.51,13,1587.16,50658,998,126481.76
20160616,2,117.94,60090,146,8229.13,4,283.91,52953,678,48871.91,6,583.68,56654,603,63139.22,6,785.16,62593,373,68399.81,0,0,0,6,1316.06,0,0,0,3,1602.85,0,0,0,34,6942.24,0,0,0,5,2794.17,9,664.67,53999,35891340,9,1106.02,61882,68442310,0,0,0,0,1,42.93,43561,1239,116496.99,0,0,0,385,43216.51,18,1770.69,58923,1862,201666.23
20160617,0,0,0,144,8106.23,9,656.87,53471,646,46508.41,9,899.01,65396,587,61443.14,6,999.79,66358,367,67511.40,0,0,0,6,1316.06,0,0,0,3,1602.85,0,0,0,34,6942.24,0,0,0,5,2794.17,13,998.65,58334,58255267,9,1082.63,66084,71544732,2,474.39,64207,30459036,0,0,0,1239,116496.99,0,0,0,385,43216.51,24,2555.67,62707,1806,196595.34
20160620,0,0,0,144,8106.23,5,352.76,57075,627,45178.16,8,829.36,64564,562,58903.66,2,429.99,67725,355,65730.97,0,0,0,6,1316.06,0,0,0,3,1602.85,0,0,0,34,6942.24,0,0,0,5,2794.17,8,616.21,58170,35844851,5,565.91,66858,37835785,2,429.99,67725,29121098,0,0,0,1238,116450.57,0,0,0,384,43173.84,15,1612.11,63768,1750,190945.18
20160621,2,106.84,57301,139,7822.37,3,213.39,57412,623,44894.05,3,315.62,70246,559,58588.04,0,0,0,355,65730.97,0,0,0,6,1316.06,0,0,0,3,1602.85,0,0,0,34,6942.24,0,0,0,5,2794.17,6,407.79,56463,23025091,2,228.06,76818,17519094,0,0,0,0,0,0,0,1238,116450.57,0,0,0,384,43173.84,8,635.85,63764,1738,190061.59
20160622,0,0,0,139,7822.37,15,1085.26,52644,608,43808.79,3,264.31,61458,556,58323.73,1,122.39,39150,354,65608.58,0,0,0,6,1316.06,0,0,0,3,1602.85,0,0,0,34,6942.24,0,0,0,5,2794.17,18,1349.57,54370,73376638,1,122.39,39150,4791531,0,0,0,0,1,46.95,62726,1237,116403.62,0,0,0,384,43173.84,19,1471.96,53105,1719,188589.63
20160623,0,0,0,139,7822.37,6,421.56,59599,602,43387.23,5,491.04,64249,551,57832.69,1,137.29,61273,353,65471.29,0,0,0,6,1316.06,0,0,0,3,1602.85,0,0,0,34,6942.24,0,0,0,5,2794.17,9,686.76,56910,39083443,3,363.13,71606,26002145,0,0,0,0,1,49.88,56082,1236,116353.74,0,0,0,384,43173.84,12,1049.89,61993,1707,187539.74
20160704,0,0,0,137,7704.17,0,0,0,223,16697.53,0,0,0,235,27567.89,0,0,0,196,36572.79,0,0,0,6,1316.06,0,0,0,3,1602.85,0,0,0,33,6746.79,0,0,0,5,2794.17,0,0,0,0,0,0,0,0,0,0,0,0,0,0,0,937,87061.15,0,0,0,376,42764.14,0,0,0,852,101373.09
20160705,0,0,0,137,7704.17,1,98.93,38103,222,16598.60,0,0,0,235,27567.89,0,0,0,196,36572.79,0,0,0,6,1316.06,0,0,0,3,1602.85,0,0,0,33,6746.79,0,0,0,5,2794.17,0,0,0,0,1,98.93,38103,3769537,0,0,0,0,1,71.27,57749,936,86989.88,1,43.89,56683,375,42720.25,1,98.93,38103,851,101274.16
20160706,0,0,0,137,7704.17,0,0,0,222,16598.60,2,234.81,70278,235,27567.89,0,0,0,196,36572.79,0,0,0,6,1316.06,0,0,0,3,1602.85,0,0,0,33,6746.79,0,0,0,5,2794.17,0,0,0,0,2,234.81,70278,16502008,0,0,0,0,0,0,0,792,74064.80,0,0,0,330,38973.12,2,234.81,70278,851,101274.16
20160707,0,0,0,137,7704.17,0,0,0,222,16598.60,2,235.85,74626,235,27567.89,2,475.18,72917,247,50688.98,0,0,0,6,1316.06,0,0,0,3,1602.85,0,0,0,33,6746.79,0,0,0,5,2794.17,0,0,0,0,2,235.85,74626,17600570,2,475.18,72917,34648533,0,0,0,792,74064.80,0,0,0,330,38973.12,4,711.03,73484,902,115390.35
20160708,0,0,0,137,7704.17,0,0,0,222,16598.60,0,0,0,235,27567.89,1,193.03,74425,246,50495.95,0,0,0,6,1316.06,0,0,0,3,1602.85,0,0,0,33,6746.79,0,0,0,5,2794.17,0,0,0,0,0,0,0,0,1,193.03,74425,14366279,0,0,0,792,74064.80,0,0,0,330,38973.12,1,193.03,74425,901,115197.32
20160711,0,0,0,137,7704.17,0,0,0,222,16598.60,0,0,0,235,27567.89,0,0,0,244,49991.15,0,0,0,6,1316.06,0,0,0,3,1602.85,0,0,0,33,6746.79,0,0,0,5,2794.17,0,0,0,0,0,0,0,0,0,0,0,0,0,0,0,926,86504.86,0,0,0,371,42549.55,0,0,0,899,114692.52
20160712,2,99.24,60791,135,7604.93,0,0,0,222,16598.60,3,361.02,94053,200,23439.29,1,180.08,91972,214,44216.99,0,0,0,6,1316.06,0,0,0,3,1602.85,0,0,0,33,6746.79,0,0,0,5,2794.17,2,99.24,60791,6032912,3,361.02,94053,33955065,1,180.08,91972,16562329,0,0,0,926,86504.86,1,42.67,58130,371,42549.55,6,640.34,88313,832,104690.52
20160713,0,0,0,133,7482.81,0,0,0,220,16393.68,0,0,0,191,21538.23,0,0,0,214,44216.99,0,0,0,6,1316.06,0,0,0,3,1602.85,0,0,0,28,5706.28,0,0,0,5,2794.17,0,0,0,0,0,0,0,0,0,0,0,0,4,174.60,109161,922,86330.26,0,0,0,371,42549.55,0,0,0,814,101421.91
20160714,0,0,0,133,7482.81,0,0,0,220,16393.68,0,0,0,191,21538.23,2,360.34,102590,212,43856.65,0,0,0,6,1316.06,0,0,0,3,1602.85,0,0,0,28,5706.28,0,0,0,5,2794.17,0,0,0,0,0,0,0,0,2,360.34,102590,36967302,3,193.22,60449,919,86137.04,0,0,0,371,42549.55,2,360.34,102590,812,101061.57
20160715,0,0,0,133,7482.81,0,0,0,220,16393.68,0,0,0,191,21538.23,0,0,0,212,43856.65,0,0,0,6,1316.06,0,0,0,3,1602.85,0,0,0,28,5706.28,0,0,0,5,2794.17,0,0,0,0,0,0,0,0,0,0,0,0,0,0,0,919,86137.04,0,0,0,371,42549.55,0,0,0,812,101061.57
20160718,0,0,0,131,7364.74,0,0,0,220,16393.68,3,361.02,87482,188,21177.21,1,180.08,102638,210,43409.12,0,0,0,6,1316.06,0,0,0,3,1602.85,0,0,0,28,5706.28,0,0,0,5,2794.17,0,0,0,0,3,361.02,87482,31582745,1,180.08,102638,18483131,0,0,0,916,86011.86,0,0,0,371,42549.55,4,541.10,92526,805,100134.95
20160719,0,0,0,131,7364.74,1,70.45,63893,219,16323.23,0,0,0,188,21177.21,1,122.39,40277,209,43286.73,0,0,0,6,1316.06,0,0,0,3,1602.85,0,0,0,28,5706.28,0,0,0,5,2794.17,1,70.45,63893,4501246,1,122.39,40277,4929523,0,0,0,0,0,0,0,916,86011.86,0,0,0,371,42549.55,2,192.84,48905,803,99942.11
20160720,0,0,0,131,7364.74,0,0,0,219,16323.23,0,0,0,188,21177.21,0,0,0,209,43286.73,0,0,0,6,1316.06,0,0,0,3,1602.85,0,0,0,28,5706.28,0,0,0,5,2794.17,0,0,0,0,0,0,0,0,0,0,0,0,0,0,0,791,74029.71,2,80.40,57996,330,38973.12,0,0,0,803,99942.11
20160721,0,0,0,131,7364.74,0,0,0,219,16323.23,1,117.27,70452,188,21177.21,1,267.38,68347,161,29942.79,0,0,0,6,1316.06,0,0,0,3,1602.85,0,0,0,28,5706.28,0,0,0,5,2794.17,0,0,0,0,1,117.27,70452,8261922,1,267.38,68347,18274652,0,0,0,791,74029.71,0,0,0,185,29656.04,2,384.65,68989,755,86598.17
20160722,0,0,0,131,7364.74,0,0,0,219,16323.23,0,0,0,188,21177.21,0,0,0,161,29942.79,0,0,0,6,1316.06,0,0,0,3,1602.85,0,0,0,28,5706.28,0,0,0,5,2794.17,0,0,0,0,0,0,0,0,0,0,0,0,0,0,0,791,74029.71,0,0,0,185,29656.04,0,0,0,755,86598.17
20160723,0,0,0,131,7364.74,0,0,0,219,16323.23,1,88.88,42085,187,21088.33,0,0,0,161,29942.79,0,0,0,6,1316.06,0,0,0,3,1602.85,0,0,0,28,5706.28,0,0,0,5,2794.17,1,88.88,42085,3740513,0,0,0,0,0,0,0,0,0,0,0,791,74029.71,0,0,0,185,29656.04,1,88.88,42085,754,86509.29
20160725,0,0,0,131,7364.74,0,0,0,219,16323.23,1,118.83,87632,186,20969.50,0,0,0,160,29749.76,0,0,0,6,1316.06,0,0,0,3,1602.85,0,0,0,28,5706.28,0,0,0,5,2794.17,0,0,0,0,1,118.83,87632,10413369,0,0,0,0,0,0,0,791,74029.71,0,0,0,185,29656.04,1,118.83,87632,752,86197.43
20160726,1,58.91,64101,130,7305.83,0,0,0,219,16323.23,5,590.37,83953,213,24146.71,0,0,0,189,35343.84,0,0,0,6,1316.06,0,0,0,3,1602.85,0,0,0,28,5706.28,0,0,0,5,2794.17,1,58.91,64101,3776212,5,590.37,83953,49563528,0,0,0,0,0,0,0,791,74029.71,0,0,0,185,29656.04,6,649.28,82152,807,94909.81
20160727,0,0,0,130,7305.83,0,0,0,219,16323.23,4,474.76,79498,209,23671.95,2,372.93,80027,187,34970.91,0,0,0,6,1316.06,0,0,0,3,1602.85,0,0,0,28,5706.28,0,0,0,5,2794.17,0,0,0,0,4,474.76,79498,37742254,2,372.93,80027,29844418,0,0,0,791,74029.71,0,0,0,185,29656.04,6,847.69,79730,801,94062.12
20160728,1,59.14,64013,129,7246.69,2,141.44,64136,217,16181.79,2,238.86,81356,207,23433.09,0,0,0,187,34970.91,0,0,0,6,1316.06,0,0,0,3,1602.85,0,0,0,28,5706.28,0,0,0,5,2794.17,3,200.58,64100,12857088,2,238.86,81356,19432801,0,0,0,0,0,0,0,791,74029.71,0,0,0,185,29656.04,5,439.44,73480,796,93622.68
20160729,0,0,0,129,7246.69,1,73.44,38158,216,16108.35,0,0,0,207,23433.09,0,0,0,187,34970.91,0,0,0,6,1316.06,0,0,0,3,1602.85,0,0,0,28,5706.28,0,0,0,5,2794.17,1,73.44,38158,2802291,0,0,0,0,0,0,0,0,0,0,0,791,74029.71,0,0,0,185,29656.04,1,73.44,38158,795,93549.24
20160801,0,0,0,129,7246.69,0,0,0,216,16108.35,2,236.94,78511,204,23078.69,0,0,0,187,34970.91,0,0,0,6,1316.06,0,0,0,3,1602.85,0,0,0,28,5706.28,0,0,0,5,2794.17,0,0,0,0,2,236.94,78511,18602295,0,0,0,0,0,0,0,791,74029.71,0,0,0,185,29656.04,2,236.94,78511,792,93194.84
20160803,0,0,0,126,7103.07,0,0,0,215,16010.34,0,0,0,201,22722.02,0,0,0,186,34790.83,0,0,0,6,1316.06,0,0,0,3,1602.85,0,0,0,28,5706.28,0,0,0,5,2794.17,0,0,0,0,0,0,0,0,0,0,0,0,0,0,0,791,74029.71,0,0,0,185,29656.04,0,0,0,784,92416.46
20160804,0,0,0,126,7103.07,0,0,0,215,16010.34,1,117.74,75747,200,22604.28,1,193.22,68987,185,34597.61,0,0,0,6,1316.06,0,0,0,3,1602.85,0,0,0,28,5706.28,0,0,0,5,2794.17,0,0,0,0,1,117.74,75747,8918450,1,193.22,68987,13329717,0,0,0,791,74029.71,0,0,0,185,29656.04,2,310.96,71547,782,92105.50
20160805,0,0,0,126,7103.07,0,0,0,571,41070.68,1,118.11,77140,477,48882.52,1,261.43,69327,269,45210.32,0,0,0,6,1316.06,0,0,0,3,1602.85,0,0,0,28,5706.28,0,0,0,5,2794.17,0,0,0,0,1,118.11,77140,9110989,1,261.43,69327,18124179,0,0,0,1075,102583.02,0,0,0,185,29656.04,2,379.54,71758,1499,154056.79
20160808,0,0,0,126,7103.07,4,282.64,59553,565,40647.14,7,691.39,61466,469,48070.05,4,502.99,65056,264,44514.11,0,0,0,6,1316.06,0,0,0,3,1602.85,0,0,0,28,5706.28,0,0,0,5,2794.17,7,546.20,60001,32772497,8,930.82,63685,59279210,0,0,0,0,0,0,0,1075,102583.02,0,0,0,185,29656.04,15,1477.02,62323,1480,152124.57
20160809,0,0,0,126,7103.07,1,70.25,55636,564,40576.89,2,212.66,64675,469,48170.35,1,179.90,87074,316,58665.76,0,0,0,6,1316.06,0,0,0,3,1602.85,0,0,0,29,6340.48,0,0,0,5,2794.17,1,70.25,55636,3908439,2,212.66,64675,13753738,1,179.90,87074,15664617,7,352.62,60027,1193,114212.55,0,0,0,224,33152.07,4,462.81,72010,1532,166940.47
20160810,0,0,0,126,7103.07,4,277.30,63675,560,40299.59,1,118.11,77954,468,48052.24,2,362.26,72015,309,57026.04,0,0,0,6,1316.06,0,0,0,3,1602.85,0,0,0,29,6340.48,0,0,0,5,2794.17,4,277.30,63675,17657047,2,242.78,72549,17613544,1,237.59,74421,17681783,11,565.07,72733,1182,113647.48,3,119.53,58403,221,33032.54,7,757.67,69888,1520,164905.34
20160811,0,0,0,126,7103.07,2,140.36,59872,558,40159.23,3,349.22,68785,465,47703.02,4,1004.37,81711,307,56496.85,0,0,0,6,1316.06,0,0,0,3,1602.85,0,0,0,29,6340.48,0,0,0,5,2794.17,3,228.24,51379,11726815,1,105.66,71485,7553129,5,1160.05,82077,95213352,0,0,0,1182,113647.48,0,0,0,221,33032.54,9,1493.95,76638,1513,163886.57
20160812,0,0,0,126,7103.07,1,70.45,64251,557,40088.78,1,117.74,78744,464,47585.28,0,0,0,307,56496.85,0,0,0,6,1316.06,0,0,0,3,1602.85,0,0,0,29,6340.48,0,0,0,5,2794.17,1,70.45,64251,4526462,1,117.74,78744,9271320,0,0,0,0,0,0,0,1182,113647.48,0,0,0,221,33032.54,2,188.19,73318,1511,163698.38
20160820,0,0,0,125,7044.07,0,0,0,554,39879.93,0,0,0,456,46672.02,0,0,0,301,55313.58,0,0,0,6,1316.06,0,0,0,3,1602.85,0,0,0,29,6340.48,0,0,0,5,2794.17,0,0,0,0,0,0,0,0,0,0,0,0,1,32.24,66998,1178,113400.08,1,68.58,56692,220,32963.96,0,0,0,1493,161334
20160822,0,0,0,125,7044.07,0,0,0,554,39879.93,0,0,0,456,46672.02,0,0,0,301,55313.58,0,0,0,6,1316.06,0,0,0,3,1602.85,0,0,0,29,6340.48,0,0,0,5,2794.17,0,0,0,0,0,0,0,0,0,0,0,0,0,0,0,1178,113400.08,0,0,0,220,32963.96,0,0,0,1493,161334
20160823,0,0,0,125,7044.07,0,0,0,554,39879.93,0,0,0,456,46672.02,0,0,0,301,55313.58,0,0,0,6,1316.06,0,0,0,3,1602.85,0,0,0,29,6340.48,0,0,0,5,2794.17,0,0,0,0,0,0,0,0,0,0,0,0,0,0,0,1178,113400.08,0,0,0,220,32963.96,0,0,0,1493,161334
20160824,0,0,0,125,7044.07,0,0,0,554,39879.93,0,0,0,456,46672.02,0,0,0,301,55313.58,0,0,0,6,1316.06,0,0,0,3,1602.85,0,0,0,29,6340.48,0,0,0,5,2794.17,0,0,0,0,0,0,0,0,0,0,0,0,0,0,0,1178,113400.08,0,0,0,220,32963.96,0,0,0,1493,161334
20160825,0,0,0,125,7044.07,1,70.25,58228,553,39809.68,0,0,0,456,46672.02,0,0,0,301,55313.58,0,0,0,6,1316.06,0,0,0,3,1602.85,0,0,0,29,6340.48,0,0,0,5,2794.17,1,70.25,58228,4090505,0,0,0,0,0,0,0,0,0,0,0,1178,113400.08,0,0,0,220,32963.96,1,70.25,58228,1492,161263.75
20160826,0,0,0,125,7044.07,0,0,0,553,39809.68,0,0,0,456,46672.02,0,0,0,301,55313.58,0,0,0,6,1316.06,0,0,0,3,1602.85,0,0,0,29,6340.48,0,0,0,5,2794.17,0,0,0,0,0,0,0,0,0,0,0,0,1,46.93,66274,1177,113353.15,0,0,0,220,32963.96,0,0,0,1492,161263.75
20160829,0,0,0,125,7044.07,0,0,0,553,39809.68,0,0,0,456,46672.02,0,0,0,301,55313.58,0,0,0,6,1316.06,0,0,0,3,1602.85,0,0,0,29,6340.48,0,0,0,5,2794.17,0,0,0,0,0,0,0,0,0,0,0,0,0,0,0,1176,113273.95,0,0,0,220,32963.96,0,0,0,1492,161263.75
20160830,0,0,0,125,7044.07,0,0,0,553,39809.68,0,0,0,456,46672.02,0,0,0,301,55313.58,0,0,0,6,1316.06,0,0,0,3,1602.85,0,0,0,29,6340.48,0,0,0,5,2794.17,0,0,0,0,0,0,0,0,0,0,0,0,0,0,0,1176,113273.95,0,0,0,220,32963.96,0,0,0,1492,161263.75
20160831,0,0,0,125,7044.07,6,483.84,43677,547,39325.84,0,0,0,456,46672.02,0,0,0,301,55313.58,0,0,0,6,1316.06,0,0,0,3,1602.85,0,0,0,29,6340.48,0,0,0,5,2794.17,4,286.78,45747,13119248,2,197.06,40665,8013464,0,0,0,0,0,0,0,1176,113273.95,0,0,0,220,32963.96,6,483.84,43677,1486,160779.91
20160901,0,0,0,125,7044.07,0,0,0,547,39325.84,0,0,0,456,46672.02,0,0,0,301,55313.58,0,0,0,6,1316.06,0,0,0,3,1602.85,0,0,0,29,6340.48,0,0,0,5,2794.17,0,0,0,0,0,0,0,0,0,0,0,0,0,0,0,1176,113273.95,0,0,0,220,32963.96,0,0,0,1486,160779.91
20160902,0,0,0,125,7044.07,6,418.21,66487,541,38907.63,8,810.41,74268,448,45861.61,6,820.93,72837,295,54492.65,0,0,0,6,1316.06,0,0,0,3,1602.85,0,0,0,29,6340.48,0,0,0,5,2794.17,8,595.74,65730,39157960,11,1273.91,73021,93021585,1,179.90,86759,15607919,0,0,0,1176,113273.95,0,0,0,220,32963.96,20,2049.55,72107,1466,158730.36
20160904,0,0,0,125,7044.07,0,0,0,541,38907.63,0,0,0,447,45742.76,0,0,0,295,54492.65,0,0,0,6,1316.06,0,0,0,3,1602.85,0,0,0,29,6340.48,0,0,0,5,2794.17,0,0,0,0,0,0,0,0,0,0,0,0,0,0,0,1176,113273.95,0,0,0,220,32963.96,0,0,0,1465,158611.51
20160905,0,0,0,125,7044.07,0,0,0,541,38907.63,0,0,0,447,45742.76,0,0,0,295,54492.65,0,0,0,6,1316.06,0,0,0,3,1602.85,0,0,0,29,6340.48,0,0,0,5,2794.17,0,0,0,0,0,0,0,0,0,0,0,0,0,0,0,1176,113273.95,0,0,0,220,32963.96,0,0,0,1465,158611.51
20160906,0,0,0,125,7044.07,0,0,0,541,38907.63,0,0,0,447,45742.76,0,0,0,295,54492.65,0,0,0,6,1316.06,0,0,0,3,1602.85,0,0,0,29,6340.48,0,0,0,5,2794.17,0,0,0,0,0,0,0,0,0,0,0,0,0,0,0,1176,113273.95,0,0,0,220,32963.96,0,0,0,1465,158611.51
20160907,0,0,0,125,7044.07,0,0,0,541,38907.63,0,0,0,447,45742.76,0,0,0,294,54230.94,0,0,0,6,1316.06,0,0,0,3,1602.85,0,0,0,29,6340.48,0,0,0,5,2794.17,0,0,0,0,0,0,0,0,0,0,0,0,0,0,0,1176,113273.95,0,0,0,220,32963.96,0,0,0,1464,158349.80
20160908,0,0,0,125,7044.07,0,0,0,541,38907.63,0,0,0,447,45742.76,1,261.71,70777,294,54230.94,0,0,0,6,1316.06,0,0,0,3,1602.85,0,0,0,29,6340.48,0,0,0,5,2794.17,0,0,0,0,0,0,0,0,1,261.71,70777,18523169,1,46.94,63272,1175,113227.01,1,77.69,51621,219,32886.27,1,261.71,70777,1464,158349.80
20160911,0,0,0,125,7044.07,0,0,0,539,38767.09,1,86.96,63958,442,45256.67,2,447.53,78979,291,53734.29,0,0,0,6,1316.06,0,0,0,3,1602.85,0,0,0,29,6340.48,0,0,0,5,2794.17,1,86.96,63958,5561808,0,0,0,0,2,447.53,78979,35345622,0,0,0,1175,113227.01,0,0,0,219,32886.27,3,534.49,76535,1454,157226.52
20160912,0,0,0,125,7044.07,0,0,0,539,38767.09,2,210.53,78559,440,45046.14,1,237.59,91091,290,53496.70,0,0,0,6,1316.06,0,0,0,3,1602.85,0,0,0,29,6340.48,0,0,0,5,2794.17,1,89.45,63988,5723706,1,121.08,89324,10815309,1,237.59,91091,21642365,0,0,0,1175,113227.01,0,0,0,219,32886.27,3,448.12,85203,1451,156778.40
20160913,0,0,0,125,7044.07,0,0,0,539,38767.09,1,121.08,99373,439,44925.06,2,364.67,68944,288,53132.03,0,0,0,6,1316.06,0,0,0,3,1602.85,0,0,0,29,6340.48,0,0,0,5,2794.17,0,0,0,0,2,248.16,80784,20047466,1,237.59,72084,17126429,0,0,0,1175,113227.01,0,0,0,219,32886.27,3,485.75,76529,1448,156292.65
20160918,0,0,0,125,7044.07,0,0,0,538,38698.63,2,222.57,87675,429,43788.25,1,267.45,80612,285,52329.94,0,0,0,6,1316.06,0,0,0,3,1602.85,0,0,0,29,6340.48,0,0,0,5,2794.17,0,0,0,0,2,222.57,87675,19513932,1,267.45,80612,21559770,0,0,0,1175,113227.01,0,0,0,219,32886.27,3,490.02,83820,1434,154285.29
20160919,0,0,0,125,7044.07,0,0,0,538,38698.63,2,239.19,82075,427,43549.06,1,127.08,70180,284,52202.86,0,0,0,6,1316.06,0,0,0,3,1602.85,0,0,0,29,6340.48,0,0,0,5,2794.17,0,0,0,0,3,366.27,77948,28549999,0,0,0,0,0,0,0,1175,113227.01,0,0,0,219,32886.27,3,366.27,77948,1431,153919.02
20160920,0,0,0,125,7044.07,1,68.48,64362,537,38630.15,1,117.46,80283,426,43431.60,0,0,0,284,52202.86,0,0,0,6,1316.06,0,0,0,3,1602.85,0,0,0,29,6340.48,0,0,0,5,2794.17,1,68.48,64362,4407529,1,117.46,80283,9430060,0,0,0,0,3,177.01,107629,1172,113050,1,69.02,55733,218,32817.25,2,185.94,74420,1429,153733.08
20160921,0,0,0,125,7044.07,0,0,0,537,38630.15,1,87.53,54453,425,43344.07,2,447.46,81733,282,51755.40,0,0,0,6,1316.06,0,0,0,3,1602.85,0,0,0,29,6340.48,0,0,0,5,2794.17,1,87.53,54453,4766299,0,0,0,0,2,447.46,81733,36572144,0,0,0,1172,113050,0,0,0,218,32817.25,3,534.99,77270,1426,153198.09
20160922,0,0,0,125,7044.07,1,68.46,67565,536,38561.69,0,0,0,425,43344.07,2,373.30,80730,280,51382.10,0,0,0,6,1316.06,0,0,0,3,1602.85,0,0,0,29,6340.48,0,0,0,5,2794.17,1,68.46,67565,4625517,0,0,0,0,2,373.30,80730,30136383,1,80.95,58317,1171,112969.05,0,0,0,218,32817.25,3,441.76,78690,1423,152756.33
20160926,0,0,0,125,7044.07,2,140.45,57158,533,38352.76,1,117.74,78758,419,42657.64,1,180.08,95294,277,50741.54,0,0,0,6,1316.06,0,0,0,3,1602.85,0,0,0,29,6340.48,0,0,0,5,2794.17,2,140.45,57158,8027857,1,117.74,78758,9272959,1,180.08,95294,17160541,0,0,0,1170,112921.50,0,0,0,218,32817.25,4,438.27,78630,1411,151220.41
20160927,0,0,0,125,7044.07,0,0,0,533,38352.76,1,121.08,90674,418,42536.56,2,394.40,69958,275,50347.14,0,0,0,6,1316.06,0,0,0,3,1602.85,0,0,0,29,6340.48,0,0,0,5,2794.17,0,0,0,0,2,248.16,80648,20013574,1,267.32,69418,18556698,0,0,0,1170,112921.50,0,0,0,218,32817.25,3,515.48,74824,1408,150704.93
