日期,一房成交套数,一房成交面积,一房成交均价,一房可售套数,一房可售面积,二房成交套数,二房成交面积,二房成交均价,二房可售套数,二房可售面积,三房成交套数,三房成交面积,三房成交均价,三房可售套数,三房可售面积,四房成交套数,四房成交面积,四房成交均价,四房可售套数,四房可 >售面积,四房以上成交套数,四房以上成交面积,四房以上成交均价,四房以上可售套数,四房以上可售面积,复式成交套数,复式成交面积,复式成交>均价,复式可售套数,复式可售面积,复式住宅成交套数,复式住宅成交面积,复式住宅成交均价,复式住宅可售套数,复式住宅可售面积,别墅成交套>数,别墅成交面积,别墅成交均价,别墅可售套数,别墅可售面积,90平方米以下成交套数,90平方米以下成交面积,90平方米以下成交均价,90平方米>以下成交金额,90~140平方米成交套数,90~140平方米成交面积,90~140平方米成交均价,90~140平方米成交金额,144平方米以上成交套数,144平方米以上成交面积,144平方米以上成交均价,144平方米以上成交金额,商业成交套数,商业成交面积,商业成交均价,商业可售套数,商业可售面积,办>公楼成交套数,办公楼成交面积,办公楼成交均价,办公楼可售套数,办公楼可售面积,住宅成交套数,住宅成交面积,住宅成交均价,住宅可售套数,住宅可售面积
20160305,0,0,0,548,63163.79,3,265.50,69607,901,101926.98,0,0,0,496,79403.15,7,819.42,60429,770,147625.19,0,0,0,123,31730.53,1,158.51,60748,73,15992.26,0,0,0,60,16341.51,0,0,0,3,1570.71,7,624.40,67481,42135368,1,92.48,67233,6217754,3,526.55,55595,29273750,0,0,0,1265,313252.25,0,0,0,494,85155.63,11,1243.43,62430,3539,498117.09
20160307,0,0,0,548,63163.79,0,0,0,901,101926.98,2,150.87,63027,494,79252.28,4,455.37,63802,766,147169.82,0,0,0,123,31730.53,0,0,0,73,15992.26,0,0,0,60,16341.51,0,0,0,3,1570.71,4,330.17,65312,21563925,1,92.48,66320,6133260,1,183.59,59182,10865181,0,0,0,1265,313252.25,0,0,0,494,85155.63,6,606.24,63609,3533,497510.85
20160309,0,0,0,542,62658.67,2,172.84,39310,889,100724.18,1,249.23,93300,488,78180.85,3,322.97,51777,760,146338.72,0,0,0,123,31730.53,0,0,0,72,15723.14,0,0,0,60,16341.51,0,0,0,3,1570.71,7,394.85,47372,18704673,2,233.40,47691,11131047,1,249.23,93300,23253042,0,0,0,1265,313252.25,20,4851.30,55200,473,80381.82,10,877.48,60501,3483,492368.03
20160311,0,0,0,542,62658.67,5,466.80,55583,876,99516.80,4,496.64,64659,478,76845.09,34,5639.04,75511,721,140056.20,5,1089.97,82733,116,30247.26,2,333.07,80899,69,15221.93,0,0,0,60,16341.51,0,0,0,3,1570.71,6,517.17,62505,32325758,8,929.45,50965,47369270,36,6578.90,79237,521292082,9,1135.75,83637,1252,311885.61,13,3471.66,50600,460,76910.16,50,8025.52,74885,3380,479320.27
20160314,0,0,0,542,62658.67,4,346.70,66194,866,98647.75,6,864.58,77972,472,75980.51,0,0,0,711,138600.68,0,0,0,116,30247.26,0,0,0,68,15057.37,0,0,0,60,16341.51,0,0,0,3,1570.71,4,346.70,66194,22949578,4,552.14,75741,41819862,2,312.44,81914,25593260,0,0,0,1250,311780.46,0,0,0,433,69742.78,10,1211.28,74601,3353,475966.56
20160315,4,349.98,111990,538,62308.69,14,1363.85,69382,857,97691.34,0,0,0,472,75980.51,0,0,0,711,138600.68,1,141.33,34706,115,30105.93,0,0,0,68,15057.37,0,0,0,60,16341.51,0,0,0,3,1570.71,30,2033.38,65651,133493516,4,443.71,53003,23518115,1,224.67,93303,20962352,4,241.12,68176,1246,311539.34,0,0,0,433,69742.78,35,2701.76,65873,3323,473672.24
20160317,2,200.36,64737,533,61516.24,4,362.84,69484,736,87206.47,3,443.49,59509,466,75094.43,2,370.11,58894,708,137958.12,2,282.66,35481,113,29823.27,2,366.06,55146,66,14691.31,0,0,0,60,16341.51,0,0,0,3,1570.71,15,1030.24,56730,58445867,5,606.48,48037,29133637,6,1065.61,59092,62969079,3,521.24,61832,1241,310907.56,2,187.86,86776,431,69554.92,26,2702.33,55711,3161,458781.11
20160318,0,0,0,533,61516.24,0,0,0,736,87206.47,8,1237.49,73725,458,73856.94,7,1224.75,68597,701,136733.37,1,141.30,35885,112,29681.97,0,0,0,66,14691.31,0,0,0,60,16341.51,0,0,0,3,1570.71,0,0,0,0,6,835.79,70697,59088222,10,1767.75,68579,121230286,54,5603.03,96289,1187,305304.53,8,2073.36,72003,423,67481.56,16,2603.54,69259,3145,456177.57
20160320,0,0,0,529,61091.76,2,177.90,58397,839,95814.61,1,149.38,82846,455,73450.10,4,735.38,79169,691,134919.41,0,0,0,111,29427.35,2,415.30,59745,63,14014.91,0,0,0,60,16341.51,0,0,0,3,1570.71,2,177.90,58397,10388779,0,0,0,0,7,1300.06,73387,95406993,0,0,0,1161,296086.69,0,0,0,423,67481.56,9,1477.96,71582,3195,458928.99
20160321,0,0,0,529,61091.76,2,178.99,69698,835,95472.55,2,295.31,78391,453,73154.79,4,735.38,75544,687,134184.03,1,254.62,88220,110,29172.73,0,0,0,63,14014.91,0,0,0,60,16341.51,0,0,0,3,1570.71,2,178.99,69698,12475240,1,138.39,72260,10000000,6,1146.92,79487,91165627,0,0,0,1161,296086.69,0,0,0,423,67481.56,9,1464.30,77608,3184,457301.62
20160322,0,0,0,960,111138.18,1,92.71,75362,1148,150228.69,2,367.72,70864,743,147838.41,13,2135.22,72264,597,125419.81,1,141.33,37800,110,29468.23,1,165.81,82474,66,15650.44,0,0,0,60,16341.51,0,0,0,3,1570.71,24,1534.50,41808,64154526,5,661.51,58774,38879570,13,2241.28,74726,167481073,2,194.69,65388,1159,295892,0,0,0,423,67481.56,42,4437.29,60964,4107,628420.11
20160323,0,0,0,960,111138.18,1,85.98,38496,1141,149624.14,0,0,0,741,147524.57,3,422.62,37902,594,124997.19,0,0,0,110,29468.23,1,239.89,64336,65,15410.55,0,0,0,60,16341.51,0,0,0,3,1570.71,23,1446.82,40942,59235252,3,422.62,37902,16018146,1,239.89,64336,15433612,2,267.66,66305,1156,295431.11,4,591.11,91444,419,66890.45,27,2109.33,42993,4057,624438.91
20160324,0,0,0,960,111138.18,4,355.23,77288,1139,149454.60,3,442.52,74842,740,147395.89,0,0,0,594,124997.19,0,0,0,110,29468.23,0,0,0,65,15410.55,0,0,0,60,16341.51,0,0,0,3,1570.71,20,1431.14,57670,82534396,3,372.62,49779,18548673,2,313.84,84413,26492101,1,193.23,66001,1156,295431.11,2,229.76,91313,417,66660.69,25,2117.60,60245,4051,623860.30
20160325,0,0,0,960,111138.18,0,0,0,1138,149371.08,4,368.78,52469,765,149215.17,10,899.80,65094,665,131393.16,0,0,0,110,29468.23,0,0,0,65,15410.55,0,0,0,60,16341.51,0,0,0,3,1570.71,12,1046.95,62636,65576252,2,221.63,55702,12345223,0,0,0,0,1,133.83,68504,1883,338734.77,0,0,0,365,56825.35,14,1268.58,61424,4146,631992.03
20160326,14,1949.49,99603,946,109188.69,15,1965.61,82304,1125,147568.16,1,75.44,66047,764,149139.73,27,4565.40,74759,638,126827.76,0,0,0,110,29468.23,1,168.14,80798,64,15242.41,0,0,0,60,16341.51,0,0,0,3,1570.71,16,1337.77,66533,89006446,4,451.62,61742,27884042,39,7057.24,85594,604060852,1,133.83,66616,1882,338600.94,0,0,0,365,56825.35,59,8846.63,81494,4089,623308.09
20160327,10,1204.06,101992,938,108160.20,9,1225.73,101708,1114,146179.69,3,311.05,58259,761,148828.68,9,1778.33,77796,629,125049.43,1,328.17,90098,110,29468.23,0,0,0,64,15242.41,0,0,0,60,16341.51,0,0,0,3,1570.71,12,1043.88,88361,92237785,4,499.11,68183,34030953,18,3573.19,90051,321768547,0,0,0,1882,338600.94,0,0,0,365,56825.35,34,5116.18,87573,4056,618532.91
20160328,0,0,0,865,100456.40,0,0,0,1069,138392.45,1,75.43,60131,757,148223.90,4,458.62,61540,625,124590.81,0,0,0,110,29468.23,0,0,0,64,15242.41,0,0,0,60,16341.51,0,0,0,3,1570.71,3,254.84,63995,16308454,1,92.48,65771,6082494,1,186.73,55526,10368376,0,0,0,1882,338600.94,0,0,0,365,56825.35,5,534.05,61341,3930,601978.47
20160329,0,0,0,1107,121833.74,2,177.10,71806,1068,138302.98,0,0,0,1201,216942.96,4,610.37,61697,621,123980.44,0,0,0,110,29468.23,0,0,0,64,15242.41,0,0,0,60,16341.51,0,0,0,3,1570.71,2,177.10,71806,12716926,2,214.51,49565,10632150,3,517.83,61228,31705804,14,1503.60,98398,1893,345148.20,0,0,0,417,66713.30,7,909.44,60537,4610,691253.06
20160330,2,173.07,91502,1107,121833.74,8,671.04,58872,1060,137631.07,2,253.12,64621,1199,216689.84,1,183.38,57850,620,123797.06,4,864.69,84812,108,29185.59,0,0,0,64,15242.41,0,0,0,60,16341.51,0,0,0,3,1570.71,16,1317.98,58344,76895782,4,535.76,49082,26296110,3,765.43,96684,74005114,13,1163.97,86740,1879,343782.92,0,0,0,417,66713.30,23,2619.17,67654,4591,689388.14
20160331,3,507.46,95004,1104,121326.28,0,0,0,1057,137379.92,1,202.69,92251,1199,216689.84,0,0,0,620,123797.06,0,0,0,108,29185.59,0,0,0,64,15242.41,0,0,0,60,16341.51,0,0,0,3,1570.71,0,0,0,0,0,0,0,0,4,710.15,94218,66909066,3,521.44,60766,1876,343261.48,0,0,0,417,66713.30,4,710.15,94218,4585,688629.53
20160401,0,0,0,1104,121326.28,13,1226.75,51587,1044,136150.12,6,759.28,73117,1193,215930.56,3,271.77,65060,617,123525.29,0,0,0,108,29185.59,0,0,0,64,15242.41,0,0,0,60,16341.51,0,0,0,3,1570.71,11,944.28,57645,54433434,9,972.24,54086,52584541,2,341.28,86333,29463767,5,832.24,62034,1871,342429.24,0,0,0,417,66713.30,22,2257.80,60449,4563,686368.68
20160405,0,0,0,1102,120989.44,0,0,0,1039,135588.61,2,295.23,81666,1189,215313.19,1,89.69,63901,597,120097.37,0,0,0,106,28818.81,0,0,0,63,15074.14,0,0,0,60,16341.51,0,0,0,3,1570.71,1,89.69,63901,5731244,4,505.36,53562,27068273,1,156.92,87281,13696159,2,387.25,60600,1869,342041.99,0,0,0,417,66713.30,6,751.97,61832,4526,680522.94
20160406,0,0,0,1102,120989.44,2,169.85,59494,1038,135500.39,1,114.09,45628,1188,215199.10,0,0,0,597,120097.37,0,0,0,106,28818.81,0,0,0,63,15074.14,0,0,0,60,16341.51,0,0,0,3,1570.71,2,169.85,59494,10104971,1,114.09,45628,5205711,0,0,0,0,3,446.38,128281,1866,341595.61,0,0,0,417,66713.30,3,283.94,53922,4524,680320.63
20160407,0,0,0,1102,120989.44,2,164.68,51597,1036,135335.71,1,128.68,50428,1187,215070.42,2,182.11,64311,595,119915.26,0,0,0,106,28818.81,0,0,0,63,15074.14,0,0,0,60,16341.51,0,0,0,3,1570.71,8,566.76,50490,28615901,2,221.22,54613,12081524,0,0,0,0,0,0,0,1866,341595.61,0,0,0,417,66713.30,10,787.98,51648,4514,679532.65
20160408,0,0,0,1102,120989.44,4,344.69,65481,1033,135080.25,1,139.38,83798,1186,214931.04,3,272,64363,592,119643.26,0,0,0,106,28818.81,0,0,0,63,15074.14,0,0,0,60,16341.51,0,0,0,3,1570.71,6,524.12,64768,33946117,2,231.95,76789,17811098,0,0,0,0,4,1707.69,35000,1862,339887.92,1,268.40,35000,416,66444.90,8,756.07,68456,4507,678865.81
20160411,0,0,0,1163,127461.01,1,81.63,66622,1069,141612.55,0,0,0,1159,209705.01,0,0,0,588,118765.98,0,0,0,105,28677.53,0,0,0,63,15074.14,0,0,0,210,30686.54,0,0,0,3,1570.71,1,81.63,66622,5438327,0,0,0,0,0,0,0,0,3,532.12,63657,1859,339355.80,0,0,0,373,58113.04,1,81.63,66622,4410,679669.07
20160412,0,0,0,1163,127461.01,2,176.87,57120,1065,141270.72,3,406.52,67535,1132,204352.76,0,0,0,588,118765.98,0,0,0,105,28677.53,0,0,0,63,15074.14,0,0,0,210,30686.54,0,0,0,3,1570.71,2,176.87,57120,10102846,3,406.52,67535,27454431,0,0,0,0,1,133.83,61387,1858,339221.97,0,0,0,373,58113.04,5,583.39,64378,4379,673974.99
20160413,2,175.34,78563,1109,118210.99,1,102.14,57860,911,121043.22,2,409.88,90504,1130,203942.88,0,0,0,588,118765.98,0,0,0,105,28677.53,0,0,0,63,15074.14,0,0,0,210,30686.54,0,0,0,3,1570.71,2,175.34,78563,13775180,1,102.14,57860,5909814,2,409.88,90504,37095874,23,1514.48,64425,1835,337707.49,0,0,0,373,58113.04,5,687.36,82607,4169,644087.59
20160414,0,0,0,1109,118210.99,5,432.59,60943,865,116804.30,10,1432.41,73313,1105,201216.63,0,0,0,583,117662.29,0,0,0,105,28677.53,0,0,0,56,13689.81,0,0,0,210,30686.54,0,0,0,3,1570.71,5,432.59,60943,26363212,5,669.56,73147,48976330,5,762.85,73459,56038536,20,1344.64,62199,1815,336362.85,0,0,0,373,58113.04,15,1865,70444,4086,634634.40
20160415,1,84.65,88650,1108,118126.34,0,0,0,854,115828.15,8,1082.87,70451,1078,197324.25,1,89.71,68833,582,117572.58,0,0,0,105,28677.53,0,0,0,56,13689.81,0,0,0,210,30686.54,0,0,0,3,1570.71,3,249.81,75109,18763100,3,401.76,73247,29427796,4,605.66,68979,41778061,23,1866.78,63162,1792,334496.07,6,865.15,84786,367,57247.89,10,1257.23,71561,4046,629591.51
20160416,0,0,0,1108,118126.34,0,0,0,854,115828.15,0,0,0,1074,196624.93,1,363.90,117999,424,90084.83,0,0,0,77,22612.27,0,0,0,31,9468.85,0,0,0,210,30686.54,0,0,0,3,1570.71,0,0,0,0,0,0,0,0,1,363.90,117999,42939953,1,90.99,91319,1791,334405.08,18,5215.22,63984,349,52032.67,1,363.90,117999,4143,611419.27
20160419,0,0,0,1108,118126.34,2,168.13,65708,964,125248.15,5,705.29,71803,1048,194388.43,1,89.82,56246,371,85325.87,0,0,0,77,22612.27,2,512.50,65506,26,8302.17,0,0,0,210,30686.54,0,0,0,3,1570.71,3,257.95,62413,16099537,3,402.46,71812,28901327,4,815.33,67840,55312199,21,1742.11,79243,1766,327383.32,0,0,0,311,46833.29,10,1475.74,67975,4125,607065.22
20160420,8,936.17,88003,1004,107497.61,6,508.28,87161,913,117478.86,3,419.72,71266,1058,194909.65,0,0,0,267,66921.22,0,0,0,77,22612.27,0,0,0,33,9686.50,0,0,0,210,30686.54,0,0,0,3,1570.71,11,937.34,85050,79721160,2,268.16,72901,19549015,4,658.67,87037,57328936,21,1408.08,63656,1745,325975.24,0,0,0,311,46833.29,17,1864.17,84005,3883,572168.10
20160421,7,596.71,88186,975,103219.97,3,566.84,110976,892,113386.25,2,298.30,79660,1047,192989.79,0,0,0,258,64427.71,0,0,0,77,22612.27,0,0,0,33,9686.50,0,0,0,210,30686.54,0,0,0,3,1570.71,7,596.71,88186,52621670,2,274.36,82265,22570165,3,590.78,108497,64097760,20,1341.62,63199,1725,324633.62,0,0,0,311,46833.29,12,1461.85,95283,3813,559384.48
20160422,4,342.22,88324,971,102877.75,6,509.57,52622,889,113121.19,1,86.70,46875,1046,192903.09,2,370.32,51681,237,60521.79,0,0,0,77,22612.27,1,158.51,56808,32,9527.99,1,186.18,61788,209,30500.36,0,0,0,3,1570.71,11,938.49,65110,61105232,0,0,0,0,4,715.01,55449,39646865,20,1567.48,62412,1705,323066.14,0,0,0,311,46833.29,15,1653.50,60933,3782,554439.89
20160425,0,0,0,967,102536.09,11,1053.73,44246,877,111981.48,2,280.29,59434,1035,191267.49,0,0,0,235,60059.09,0,0,0,71,21274.15,0,0,0,32,9527.99,0,0,0,209,30500.36,0,0,0,3,1570.71,5,441.10,44249,19518246,7,741.36,44243,32799991,1,151.56,72342,10964085,0,0,0,1684,321656.14,0,0,0,311,46833.29,13,1334.02,47437,3747,549522.10
20160426,6,510.49,87496,970,103095.10,3,362.66,82289,877,111960.52,1,133.86,73434,1060,196409.41,0,0,0,255,63394.17,3,842.56,97420,81,23392.89,0,0,0,40,10931.07,0,0,0,209,30500.36,0,0,0,3,1570.71,14,1152.64,65459,75450459,1,133.86,73434,9829871,4,1040.33,99694,103714917,21,1410.90,61456,1663,320245.24,0,0,0,311,46833.29,19,2326.83,81224,3807,561581.71
20160427,0,0,0,970,103095.10,6,1096.94,116389,871,110867.93,1,205.26,115547,1059,196204.15,0,0,0,249,62305.04,3,735.83,110823,69,20454.89,1,251.55,59898,39,10679.52,0,0,0,209,30500.36,0,0,0,3,1570.71,17,997.44,50708,50578177,2,243.44,42689,10392300,8,1961.91,118540,232564387,43,3596.72,61719,1621,316715.84,0,0,0,311,46833.29,27,3202.79,91650,3765,555091.97
20160428,7,597.30,89842,963,102497.80,7,1023.42,77271,864,109844.51,20,3103.85,70307,1088,200002.60,0,0,0,329,72423.57,0,0,0,69,20454.89,0,0,0,39,10679.52,0,0,0,209,30500.36,0,0,0,3,1570.71,8,683.28,83141,56808491,13,1685.71,73372,123683148,13,2355.58,72371,170475246,7,469.04,66163,1617,321438.98,4,549.21,90177,345,51483.46,34,4724.57,74285,3860,567388.23
20160429,1,85.21,93452,1027,109362.24,2,243.13,82606,899,116286.34,0,0,0,1090,200355.50,0,0,0,304,67758.96,0,0,0,68,20200.05,0,0,0,34,9002.78,0,0,0,209,30500.36,0,0,0,3,1570.71,17,1088.09,53166,57849823,2,243.13,82606,20084009,0,0,0,0,10,735.59,83966,1607,320703.39,0,0,0,345,51483.46,19,1331.22,58543,3914,573448.33
20160503,0,0,0,1104,120248.91,0,0,0,967,129070.01,0,0,0,1090,200355.50,0,0,0,303,67618.06,0,0,0,66,19917.39,0,0,0,34,9002.78,0,0,0,209,30500.36,0,0,0,3,1570.71,0,0,0,0,0,0,0,0,0,0,0,0,0,0,0,1575,313688.30,0,0,0,337,50195.77,0,0,0,3782,578787.41
20160504,1,87.15,80291,1103,120161.76,2,338.79,106199,965,128731.22,0,0,0,1090,200355.50,0,0,0,303,67618.06,0,0,0,66,19917.39,0,0,0,34,9002.78,0,0,0,209,30500.36,0,0,0,3,1570.71,1,87.15,80291,6997355,1,141.02,101167,14266625,1,197.77,109787,21712616,8,868.55,102927,1567,312819.75,0,0,0,337,50195.77,3,425.94,100898,3779,578361.47
20160505,7,604.24,86389,1118,123238.45,2,230.92,94291,981,132026.07,4,640.87,95739,1095,201336.19,0,0,0,312,70111.57,0,0,0,66,19917.39,0,0,0,34,9002.78,0,0,0,209,30500.36,0,0,0,3,1570.71,8,694.14,86852,60287574,1,141.02,97048,13685758,4,640.87,95739,61355940,10,806.04,62988,1557,312013.71,0,0,0,337,50195.77,13,1476.03,91685,3824,588207.21
20160506,3,258.98,86201,1115,122979.47,1,89.80,95592,883,123731.59,0,0,0,1095,201336.19,0,0,0,312,70111.57,0,0,0,66,19917.39,0,0,0,34,9002.78,0,0,0,209,30500.36,0,0,0,3,1570.71,4,348.78,88619,30908380,0,0,0,0,0,0,0,0,13,1196.21,63546,1542,310446.35,0,0,0,337,50195.77,4,348.78,88619,3723,579653.75
20160509,0,0,0,1113,122842.96,0,0,0,807,116822.92,0,0,0,1056,191634.25,0,0,0,237,45421.61,0,0,0,66,19917.39,0,0,0,31,7176.44,0,0,0,209,30500.36,0,0,0,3,1570.71,0,0,0,0,0,0,0,0,0,0,0,0,0,0,0,1089,280370.37,0,0,0,337,50195.77,0,0,0,3528,536390.33
20160510,21,2107.93,90877,1092,120735.03,15,1324.60,53172,792,115498.32,0,0,0,1055,191429,1,278.73,87899,236,45142.88,1,252.06,117706,62,18744.41,0,0,0,31,7176.44,8,716.04,133810,201,29784.32,0,0,0,3,1570.71,39,3367.40,80843,272231886,1,113.32,149223,16910000,6,1198.64,102479,122835160,0,0,0,1086,275178.19,0,0,0,303,45545.60,46,4679.36,88041,3478,530584.80
20160511,1,121.91,45558,1091,120613.12,13,1142.44,45892,793,115588.13,4,787.16,86309,1052,190847.09,0,0,0,236,45142.88,2,580.69,111088,61,18492.35,0,0,0,31,7176.44,0,0,0,201,29784.32,0,0,0,3,1570.71,13,1142.44,45892,52428345,1,121.91,45558,5554025,6,1367.85,96828,132446613,3,401.49,61414,1101,276437.55,0,0,0,303,45545.60,20,2632.20,72346,3474,529718.73
20160512,2,171.80,85288,1089,120441.32,3,370.86,94894,790,115217.27,0,0,0,1054,191166.82,0,0,0,293,55230.20,0,0,0,77,21931.45,0,0,0,48,9994.32,0,0,0,201,29784.32,0,0,0,3,1570.71,3,261.60,88618,23182389,2,281.06,94863,26662245,0,0,0,0,1,329.77,89619,1100,276107.78,0,0,0,303,45545.60,5,542.66,91852,3561,545840.10
20160513,3,261.45,81597,1086,120179.87,4,451.68,69098,784,114600.45,0,0,0,1055,191378.97,0,0,0,484,88566.33,0,0,0,89,24557.61,0,0,0,51,10648.50,0,0,0,201,29784.32,0,0,0,3,1570.71,6,516.89,61041,31551302,0,0,0,0,1,196.24,106974,20992619,0,0,0,1100,276107.78,0,0,0,303,45545.60,7,713.13,73681,3803,587402.36
20160517,0,0,0,837,98199.95,3,404.37,80029,940,127253.56,1,160.06,96727,691,139698.79,4,735.80,56344,522,111386.95,0,0,0,89,24557.61,0,0,0,54,12474.84,0,0,0,199,29618.17,0,0,0,3,1570.71,2,176.16,45878,8081923,0,0,0,0,6,1124.07,72255,81219243,0,0,0,1767,354840.23,0,0,0,311,46833.29,8,1300.23,68681,3386,550998.73
20160518,3,257,88746,834,97942.95,5,851.05,104157,921,125219.59,2,257.43,49306,689,139441.36,0,0,0,522,111386.95,1,257.63,104669,89,24557.61,0,0,0,54,12474.84,0,0,0,199,29618.17,0,0,0,3,1570.71,4,346.80,89686,31103055,3,398.15,67405,26837232,4,878.16,106096,93169145,4,775.02,63091,1763,354065.21,0,0,0,311,46833.29,11,1623.11,93099,3362,548450.33
20160519,11,1726.45,97395,823,96216.50,6,939.76,103834,914,124204.34,21,2965.90,72854,707,140630.30,3,272.23,62446,571,115783.86,0,0,0,89,24557.61,0,0,0,54,12474.84,0,0,0,199,29618.17,0,0,0,3,1570.71,8,675.45,74691,50450088,10,1305.71,74366,97100755,23,3923.18,89533,351252472,0,0,0,1783,361253.03,0,0,0,345,51483.46,41,5904.34,84481,3411,551294.48
20160520,1,85.21,94055,1064,117508.63,5,674.49,94916,909,123517.17,7,990.27,71171,1079,199032.25,23,4101.39,76016,548,111682.47,7,1787.62,98217,82,22769.99,3,497.30,80625,51,11977.54,0,0,0,199,29618.17,0,0,0,3,1570.71,3,248.95,66856,16643783,13,1686.59,64097,108105393,37,7075.07,82350,582630695,1,291.88,184347,2231,390768.71,0,0,0,345,51483.46,53,9010.61,78505,3979,623040.75
20160521,4,340.22,91969,1060,117168.41,5,585.21,84009,906,123095.15,4,596.86,76353,1075,198435.39,20,3378.91,71295,528,108303.56,2,439.14,83376,80,22330.85,0,0,0,51,11977.54,0,0,0,199,29618.17,0,0,0,3,1570.71,6,503.41,80704,40627384,6,838.96,83247,69841213,23,3997.97,73304,293068250,24,1611.02,63714,1782,360961.15,1,222.01,90680,344,51261.45,35,5340.34,75564,4220,635771.30
20160523,4,338.62,87897,1052,116487.92,6,629.41,67891,899,122216.42,8,1185.36,77790,1057,195810.30,0,0,0,524,107671.72,0,0,0,80,22330.85,0,0,0,50,11801.94,0,0,0,199,29618.17,0,0,0,3,1570.71,9,772.25,68283,52731921,3,402.46,71494,28773427,6,978.68,85012,83199228,0,0,0,1760,358395.21,0,0,0,344,51261.45,18,2153.39,76486,4182,630779.55
20160524,1,84.65,91040,1051,116403.27,3,257.43,48666,897,122040.96,10,1430.17,78241,1047,194380.13,0,0,0,524,107671.72,0,0,0,80,22330.85,0,0,0,50,11801.94,0,0,0,199,29618.17,0,0,0,3,1570.71,5,430.75,54182,23338749,3,402.46,73540,29596932,6,939.04,84338,79197047,3,369.21,91076,1705,352707.32,0,0,0,344,51261.45,14,1772.25,74556,4169,629089.27
20160527,6,518.07,81625,1037,115197.70,4,401.99,67094,887,120755.83,2,400.79,85704,1038,192833.21,2,468.45,108586,510,104110.83,0,0,0,79,22146.59,0,0,0,50,11801.94,0,0,0,199,29618.17,0,0,0,3,1570.71,9,779.34,70937,55283773,1,140.72,99309,13974734,4,869.24,98036,85216446,0,0,0,1687,350373.93,0,0,0,344,51261.45,14,1789.30,86333,4119,621041.92
20160530,0,0,0,1028,114411.87,4,326.73,53090,877,119762.88,0,0,0,1030,191594.06,0,0,0,492,100834.89,0,0,0,77,21778.94,0,0,0,47,11303.30,0,0,0,199,29618.17,0,0,0,3,1570.71,4,326.73,53090,17345975,2,263.66,47064,12408796,1,144.58,49374,7138481,0,0,0,2112,378570.47,0,0,0,344,51261.45,7,734.97,50197,4066,613473.52
20160531,6,524.08,77676,1022,113887.79,6,590.86,66360,945,143615.31,9,1267.86,68174,1161,235523.40,0,0,0,558,125583.35,0,0,0,113,41421.45,0,0,0,47,11303.30,0,0,0,199,29618.17,0,0,0,3,1570.71,9,770.78,70352,54225541,10,1255.31,66150,83039156,2,356.71,81548,29089022,6,1059.80,63312,2107,377715.81,2,229.76,91142,342,51031.69,21,2382.80,69814,4361,725122.18
20160601,1,87.30,71053,1021,113800.49,6,508.58,61570,941,143270.14,8,1298.26,78562,1152,233962.19,0,0,0,557,125219.40,0,0,0,113,41421.45,0,0,0,47,11303.30,0,0,0,199,29618.17,0,0,0,3,1570.71,26,1919.18,54768,105109913,4,528.90,70764,37427296,4,769.36,83922,64566019,38,2614.84,63255,2153,384132.37,0,0,0,342,51031.69,34,3217.44,64369,4327,721441.25
20160602,8,701.67,75533,1013,113098.82,5,958.54,107128,936,142311.60,2,356.53,99281,1151,233810.92,5,1609.65,117739,554,124253.98,0,0,0,113,41421.45,0,0,0,47,11303.30,2,158.58,123472,197,29459.59,0,0,0,3,1570.71,36,2677.50,62096,166262448,2,231.67,88920,20600038,11,2784,112577,313415454,18,1558.39,78449,2136,382718.71,0,0,0,342,51031.69,49,5693.17,87873,4281,716597.57
20160603,7,614.01,76886,1006,112484.81,0,0,0,936,142311.60,3,419.08,72971,1148,233391.84,11,2345.89,88084,543,121908.09,2,586.43,105772,111,40835.02,2,334.08,77035,45,10969.22,1,87.41,123083,196,29372.18,0,0,0,3,1570.71,36,2477.13,62182,154033502,3,389.78,66519,25927745,17,3562.25,87919,313187732,18,1308.53,62468,2118,381410.18,0,0,0,342,51031.69,56,6429.16,76705,4225,710168.41
20160605,7,614.01,76886,1006,112484.81,0,0,0,936,142311.60,3,419.08,72971,1148,233391.84,11,2345.89,88084,543,121908.09,2,586.43,105772,111,40835.02,2,334.08,77035,45,10969.22,1,87.41,123083,196,29372.18,0,0,0,3,1570.71,36,2477.13,62182,154033502,3,389.78,66519,25927745,17,3562.25,87919,313187732,18,1308.53,62468,2118,381410.18,0,0,0,342,51031.69,56,6429.16,76705,4225,710168.41
20160606,16,1555.82,90974,944,105922.73,3,364.23,94971,895,135347.98,3,520.06,91752,1142,232358.82,0,0,0,542,121697.19,0,0,0,111,40835.02,0,0,0,45,10969.22,0,0,0,196,29372.18,0,0,0,3,1570.71,15,1299.03,87885,114165761,4,538.47,76602,41247965,3,602.61,113563,68433917,0,0,0,2114,381109.80,0,0,0,342,51031.69,22,2440.11,91737,4097,694354.08
20160607,0,0,0,990,110928.99,3,478.89,99481,927,141224.30,1,85.20,48201,1143,232626.52,0,0,0,542,121697.19,0,0,0,111,40835.02,0,0,0,45,10969.22,0,0,0,196,29372.18,0,0,0,3,1570.71,13,856.43,50455,43210923,2,281.12,92796,26086729,1,197.77,108983,21553666,13,1107.67,71476,2100,379856.62,0,0,0,342,51031.69,16,1335.32,68037,4164,704733.13
20160608,15,1550.58,85679,975,109378.41,9,1181.94,90605,921,140285.52,5,952.66,110977,1139,231936.81,11,2181.25,89066,532,119879.89,0,0,0,111,40835.02,0,0,0,45,10969.22,0,0,0,196,29372.18,0,0,0,3,1570.71,27,2122.22,67177,142564933,4,548.30,72759,39893781,21,4120.74,98577,406210578,12,1131.14,84103,2089,378870.99,2,808.92,82647,340,50222.77,52,6791.26,86680,4117,698811.93
20160614,8,701.34,71880,939,105973.52,4,343.22,68299,908,138807.42,3,471.63,86013,1127,230008.58,3,497.32,72597,511,116058.42,0,0,0,110,40576.36,1,165.81,80509,31,8651.14,0,0,0,196,29372.18,0,0,0,3,1570.71,12,1044.56,70703,73853705,0,0,0,0,7,1134.76,79329,90019226,11,801.76,62629,2059,376077.98,0,0,0,329,47809.48,19,2179.32,75195,3968,682051.22
20160615,6,517.40,85554,938,105895.96,5,432.53,62979,907,138720.35,2,203.74,61649,1125,229804.84,5,859.51,80474,505,114988.01,0,0,0,110,40576.36,1,175.60,84849,30,8475.54,0,0,0,196,29372.18,0,0,0,3,1570.71,26,1865.33,64081,119531443,3,394.26,59762,23561730,5,891.13,81970,73045745,8,966.98,97676,2051,375111,0,0,0,329,47809.48,34,3150.72,68600,3942,679474.90
20160616,9,869.02,78962,929,105026.94,8,1200.15,99264,899,137520.20,2,414.32,82449,1123,229390.52,3,893.24,114202,502,114094.77,3,1231.58,145215,109,40240.62,0,0,0,30,8475.54,0,0,0,196,29372.18,0,0,0,3,1570.71,33,2494.28,62287,155360481,0,0,0,0,13,3560.10,118550,422049778,5,887.88,62665,2046,374223.12,0,0,0,329,47809.48,46,6054.38,95371,3898,674316.36
20160617,6,518.75,81210,923,104508.19,6,853.37,99720,893,136666.83,1,164.89,68008,1122,229225.63,1,186.73,56883,501,113908.04,1,254.84,86740,109,40240.62,0,0,0,30,8475.54,0,0,0,196,29372.18,0,0,0,3,1570.71,33,2222.27,61740,137203307,2,281.58,99305,27962408,5,1000.47,88811,88853157,19,1785.45,63428,2027,372437.67,0,0,0,329,47809.48,40,3504.32,72487,3859,671066.88
20160620,2,174.30,82124,912,103547,3,260.35,53089,892,136470.67,1,151.27,70096,1116,228244.77,0,0,0,499,113295.10,0,0,0,109,40240.62,0,0,0,30,8475.54,0,0,0,196,29372.18,0,0,0,3,1570.71,5,434.65,64732,28135918,0,0,0,0,1,151.27,70096,10603485,0,0,0,2012,370057.76,0,0,0,329,47809.48,6,585.92,66117,3839,668315.73
20160621,3,263.21,80228,909,103283.79,4,501.49,86473,890,136134.01,5,756.52,80045,1111,227488.25,2,576.64,94716,513,115451.21,0,0,0,109,40240.62,0,0,0,30,8475.54,0,0,0,196,29372.18,0,0,0,3,1570.71,5,428.04,69180,29611861,3,403.70,74078,29905193,6,1266.12,94887,120137730,14,1673.25,69147,1998,368384.51,0,0,0,329,47809.48,14,2097.86,85637,3843,669115.45
20160622,10,1456.25,115133,899,101827.54,10,1793.92,96099,881,134415.58,3,574.91,82369,1108,226913.34,4,672.75,76196,491,111734.90,0,0,0,109,40240.62,0,0,0,30,8475.54,2,174.66,126227,194,29197.52,0,0,0,3,1570.71,6,513.80,92222,47383875,7,827.76,69286,57351982,19,3695.36,100158,370121445,11,1952.06,91522,1987,366432.45,0,0,0,329,47809.48,32,5036.92,94275,3794,661110.46
20160623,6,680.68,81051,893,101146.86,8,1026.08,86552,873,133389.50,2,304.76,78011,1106,226608.58,2,418.52,80678,489,111316.38,0,0,0,109,40240.62,0,0,0,30,8475.54,0,0,0,194,29197.52,0,0,0,3,1570.71,6,511.90,70985,36337321,5,535.55,69922,37446555,7,1382.59,92388,127735016,6,734.54,114183,1981,365697.91,1,395.61,54922,328,47413.87,18,2430.04,82928,3776,658680.42
20160704,5,438.49,74268,856,97800.84,0,0,0,1402,176257.58,2,311.62,82309,1361,252625.61,1,146.65,77325,522,115760.14,0,0,0,105,38489.86,1,206.06,67141,29,8269.48,0,0,0,199,30954.36,0,0,0,3,1570.71,5,438.49,74268,32565726,1,121.53,47831,5812846,4,664.33,76504,50823954,0,0,0,1935,366694.84,0,0,0,328,47413.87,10,1224.35,72857,4507,725279.15
20160705,1,84.65,86768,855,97716.19,5,507.38,62119,1397,175749.20,1,164.44,85284,1360,252461.17,1,147.59,68945,521,115612.55,1,254.62,89619,104,38235.24,0,0,0,29,8269.48,0,0,0,199,30954.36,0,0,0,3,1570.71,4,349.69,54468,19046864,3,364.31,67994,24771076,3,566.65,82976,47018415,12,1126.16,62546,1923,365568.68,0,0,0,328,47413.87,10,1280.65,70930,4497,723997.50
20160706,10,872.31,77852,845,96843.88,20,4843.67,117438,1378,170993.26,14,3527.42,113060,1346,248933.75,4,1487.17,145420,516,113750.09,3,1423.80,143502,102,37147.28,0,0,0,29,8269.48,0,0,0,199,30954.36,0,0,0,3,1570.71,17,1470.98,65975,97048131,1,128.78,64778,8342128,33,10554.61,127977,1350747649,7,532.88,63282,1916,365035.80,0,0,0,328,47413.87,51,12154.37,119804,4495,714954.02
20160707,4,350.03,74699,841,96493.85,7,1160.65,98721,1371,169832.61,11,2622.79,110493,1334,245967.92,3,742.78,96344,513,113007.31,1,546.65,145894,101,36600.63,0,0,0,29,8269.48,0,0,0,199,30954.36,0,0,0,3,1570.71,8,692.41,58861,40756021,1,140.56,92980,13069206,17,4589.93,115038,528017575,1,67.32,62851,1915,364968.48,0,0,0,328,47413.87,26,5422.90,107294,4468,709188.08
20160708,6,601.26,79084,835,95892.59,9,1223.66,103261,1362,168608.95,1,128.68,53501,1333,245839.24,2,354.23,74675,511,112653.08,0,0,0,101,36600.63,0,0,0,29,8269.48,2,368.71,67815,197,30585.65,0,0,0,3,1570.71,10,862.85,72647,62683049,3,412.51,74039,30541722,7,1401.18,99218,139022323,12,933.80,61875,1903,364034.68,0,0,0,328,47413.87,20,2676.54,86771,4448,706511.54
20160711,3,262.97,71057,828,95284.62,3,419.42,94859,1350,166944.08,2,303.12,67934,1328,245113.50,0,0,0,508,111825.87,0,0,0,101,36600.63,0,0,0,29,8269.48,1,87.28,161787,193,30244.74,0,0,0,3,1570.71,5,432.79,83532,36152027,1,140.72,103227,14526089,3,499.28,85136,42506534,1,205.14,69261,1895,362879.90,0,0,0,328,47413.87,9,1072.79,86862,4369,699282.23
20160712,1,87.21,74529,827,95197.41,4,366.99,51705,1346,166577.09,2,479.47,116533,1326,244634.03,0,0,0,508,111825.87,0,0,0,101,36600.63,0,0,0,29,8269.48,0,0,0,193,30244.74,0,0,0,3,1570.71,4,352.42,51902,18291257,2,235.46,71948,16940782,1,345.79,133366,46116598,10,834.39,64596,1885,362045.51,1,152.38,58766,327,47261.49,7,933.67,87128,4362,698348.56
20160713,5,432.49,89856,823,94854.36,5,507.15,62387,1341,166069.94,0,0,0,1326,244634.03,3,520.54,61278,505,111305.33,1,543.14,155095,100,36057.49,0,0,0,29,8269.48,0,0,0,193,30244.74,0,0,0,3,1570.71,8,697.30,72178,50330008,2,242.34,83235,20171259,5,1210.49,101597,122981602,3,299.96,57771,1880,361579.42,0,0,0,327,47261.49,15,2150.13,89987,4348,696287.87
20160714,13,1305.96,84411,810,93548.40,5,625.02,90535,1336,165444.92,1,86.70,32310,1325,244547.33,0,0,0,505,111305.33,0,0,0,100,36057.49,0,0,0,29,8269.48,0,0,0,193,30244.74,0,0,0,3,1570.71,15,1307.30,70695,92419212,1,141.02,100263,14139117,3,569.36,110768,63067106,9,937.19,61003,1873,360808.36,0,0,0,327,47261.49,19,2017.68,84070,4329,694270.19
20160715,8,696.64,77903,802,92851.76,2,229.23,77573,1334,165215.69,2,302.83,68997,1323,244244.50,1,321.80,141955,504,110983.53,0,0,0,100,36057.49,0,0,0,29,8269.48,0,0,0,193,30244.74,0,0,0,3,1570.71,9,785.31,74192,58263334,1,140.56,98103,13789389,3,624.63,106584,66575325,6,502.23,62236,1867,360306.13,0,0,0,327,47261.49,13,1550.50,89409,4316,692719.69
20160718,3,264.37,79582,776,90429.49,4,332.88,50065,1325,164230.51,6,898.93,75903,1313,242756.48,0,0,0,502,110408.73,0,0,0,99,35874.10,0,0,0,29,8269.48,0,0,0,193,30244.74,0,0,0,3,1570.71,7,597.25,63131,37704828,2,267.13,66041,17641600,4,631.80,80072,50589648,0,0,0,1864,360104.93,0,0,0,327,47261.49,13,1496.18,70804,4268,687066.03
20160719,3,254.53,90572,773,90174.96,2,339.83,115702,1323,163890.68,0,0,0,1313,242756.48,0,0,0,502,110408.73,1,258.59,109778,98,35615.51,0,0,0,29,8269.48,2,166.70,128565,191,30078.04,0,0,0,3,1570.71,5,421.23,105607,44484944,1,140.56,98706,13874117,2,457.86,117574,53832241,9,1185.53,76923,1855,358919.40,0,0,0,327,47261.49,8,1019.65,110029,4260,686046.38
20160720,4,429.13,95796,769,89745.83,9,1043.80,69703,1314,162846.88,1,86.70,32670,1312,242669.78,0,0,0,502,110408.73,0,0,0,98,35615.51,0,0,0,29,8269.48,3,253.82,136044,188,29824.22,0,0,0,3,1570.71,13,1131.54,70203,79437136,1,141.02,99754,14067278,3,540.89,106720,57723587,2,134.16,63384,1853,358785.24,0,0,0,327,47261.49,17,1813.45,83392,4243,684232.93
20160721,2,169.30,85714,767,89576.53,0,0,0,1314,162846.88,2,246.71,76483,1310,242423.07,6,1337,99790,496,109071.73,0,0,0,98,35615.51,1,158.51,54599,28,8110.97,0,0,0,188,29824.22,0,0,0,3,1570.71,3,256,73414,18794000,1,119.75,40459,4844931,8,1655.52,94629,156660172,7,692.18,61458,1846,358093.06,0,0,0,327,47261.49,12,2031.27,88762,4231,682201.66
20160722,3,257.51,89729,764,89319.02,1,83.52,59540,1313,162763.36,0,0,0,1310,242423.07,0,0,0,496,109071.73,0,0,0,98,35615.51,0,0,0,28,8110.97,0,0,0,188,29824.22,0,0,0,3,1570.71,4,341.03,82335,28078817,0,0,0,0,0,0,0,0,6,536.90,63411,1840,357556.16,0,0,0,327,47261.49,4,341.03,82335,4227,681860.63
20160723,7,682.53,83598,757,88636.49,5,427.16,50015,1308,162336.20,2,311.28,83108,1308,242111.79,2,583.59,113051,493,108115.45,0,0,0,98,35615.51,0,0,0,28,8110.97,0,0,0,188,29824.22,0,0,0,3,1570.71,10,847.87,61947,52522863,1,90.85,73569,6683708,5,1065.84,104200,111060976,4,367.45,66099,1836,357188.71,0,0,0,327,47261.49,16,2004.56,84940,4210,679483.38
20160725,1,87.21,67718,754,88377.33,5,530.53,76013,1267,158661.53,2,325.06,92414,1277,238932.47,1,363.89,106589,490,107448.19,0,0,0,98,35615.51,0,0,0,28,8110.97,1,87.24,140940,187,29736.98,0,0,0,3,1570.71,6,508.82,72300,36787712,0,0,0,0,4,885.11,102323,90567338,0,0,0,1836,357188.71,0,0,0,327,47261.49,10,1393.93,91364,4131,671615.73
20160726,4,347.47,78394,750,88029.86,2,178.07,76378,1263,158306.49,2,313.44,67127,1274,238494.13,2,374.26,78373,529,114332.84,0,0,0,323,77524.90,0,0,0,28,8110.97,0,0,0,187,29736.98,0,0,0,3,1570.71,6,525.54,77711,40840301,0,0,0,0,4,687.70,73248,50372327,9,899.91,64911,1827,356288.80,0,0,0,327,47261.49,10,1213.24,75181,4384,719268.92
20160727,1,87.15,85113,749,87942.71,7,901.77,86590,1253,157170.51,0,0,0,1272,238236.89,1,145.05,70197,528,114187.79,0,0,0,321,76936.85,0,0,0,28,8110.97,0,0,0,187,29736.98,0,0,0,3,1570.71,5,428.39,64532,27644753,1,140.56,97902,13761147,3,565.02,96064,54277908,4,473.61,62877,1823,355815.19,0,0,0,327,47261.49,9,1133.97,84379,4368,717055.45
20160728,6,523.81,77228,743,87418.90,3,374.55,93692,1245,156417.42,3,459.75,73970,1267,237563.14,0,0,0,528,114187.79,2,588.05,149664,320,76601.01,0,0,0,28,8110.97,0,0,0,187,29736.98,0,0,0,3,1570.71,8,702.20,78110,54848913,0,0,0,0,6,1243.96,114725,142713656,8,729.91,65678,1815,355085.28,0,0,0,327,47261.49,14,1946.16,101514,4348,714768.96
20160729,0,0,0,743,87418.90,1,79.29,49060,1241,156075.56,4,528.90,72191,1262,236944.93,1,177.77,74993,527,114010.02,0,0,0,321,76929.10,0,0,0,28,8110.97,0,0,0,187,29736.98,0,0,0,3,1570.71,2,168.99,59554,10063968,3,378.09,55212,20875191,3,480.60,71035,34139271,8,872.22,63186,1807,354213.06,0,0,0,327,47261.49,8,1027.68,63326,4337,713717.49
20160801,3,265.48,67608,734,86623.68,4,346.34,55114,1228,154913.90,1,133.86,71057,1252,235888.19,0,0,0,526,113864.30,0,0,0,321,76929.10,0,0,0,28,8110.97,0,0,0,187,29736.98,0,0,0,3,1570.71,6,509.74,59897,30531933,2,235.94,67884,16016572,0,0,0,0,0,0,0,1804,353775.17,0,0,0,327,47261.49,8,745.68,62424,4301,710189.57
20160803,0,0,0,725,85762.10,0,0,0,1218,153650.15,1,151.56,69385,1246,234947.22,0,0,0,525,113694.31,0,0,0,314,74744.83,0,0,0,26,7742.89,0,0,0,186,29658.11,0,0,0,3,1570.71,0,0,0,0,0,0,0,0,1,151.56,69385,10515998,0,0,0,1780,351185.99,0,0,0,327,47261.49,1,151.56,69385,4262,703954.85
20160804,2,253.58,99336,723,85508.52,3,255.74,77042,1215,153383.20,7,1107.96,105322,1242,234105.79,1,321.80,119502,524,113372.51,0,0,0,314,74744.83,0,0,0,26,7742.89,0,0,0,186,29658.11,0,0,0,3,1570.71,7,607.45,73911,44897180,0,0,0,0,6,1331.63,116507,155143715,12,1239.38,65839,1768,349946.61,0,0,0,327,47261.49,13,1939.08,103163,4252,702271.09
20160805,9,1211.24,95230,714,84297.28,6,738.14,85873,1210,152733.55,5,750.97,81228,1237,233354.82,4,1013.94,84418,520,112358.57,2,672.08,169128,312,74072.75,0,0,0,26,7742.89,0,0,0,186,29658.11,0,0,0,3,1570.71,6,509.96,71229,36324015,4,431.21,64020,27605980,18,3711.26,104505,387845831,11,1418.09,94837,1757,348528.52,0,0,0,327,47261.49,28,4652.43,97105,4225,697707.15
20160808,2,173.24,74490,707,83690.90,6,498.73,66943,1198,151205.05,2,221.38,70728,1234,232973.91,0,0,0,516,111692.86,0,0,0,312,74072.75,0,0,0,26,7742.89,0,0,0,186,29658.11,0,0,0,3,1570.71,9,761.61,68454,52135504,1,131.74,74492,9813549,0,0,0,0,0,0,0,1753,348228.61,0,0,0,327,47261.49,10,893.35,69345,4198,694405.90
20160809,2,243.61,98035,705,83447.29,2,183.15,49529,1196,151021.90,4,656.38,89847,1230,232317.53,3,499.55,76523,513,111193.31,1,334.66,116924,312,74072.75,0,0,0,26,7742.89,0,0,0,186,29658.11,0,0,0,3,1570.71,2,166.02,67995,11288601,2,245.76,65993,16218477,8,1505.57,94168,141776828,13,1265.87,66963,1740,346962.74,0,0,0,327,47261.49,12,1917.35,88291,4187,692823.21
20160810,3,513.93,95838,702,82933.36,1,82.81,73829,1194,150850.60,1,173.96,56888,1229,232143.57,0,0,0,513,111193.31,2,583.35,103616,310,73489.40,0,0,0,26,7742.89,0,0,0,186,29658.11,0,0,0,3,1570.71,1,82.81,73829,6113806,0,0,0,0,6,1271.24,94077,119594636,3,233.07,63180,1737,346729.67,0,0,0,327,47261.49,7,1354.05,92839,4179,691380.67
20160811,2,171.80,83614,700,82761.56,1,88.01,63963,1137,145865.93,0,0,0,1229,232143.57,0,0,0,513,111193.31,0,0,0,310,73489.40,0,0,0,26,7742.89,1,87.41,138757,185,29570.70,0,0,0,3,1570.71,4,347.22,92515,32123032,0,0,0,0,0,0,0,0,9,766.06,64188,1728,345963.61,0,0,0,327,47261.49,4,347.22,92515,4119,686136.79
20160812,1,159.30,105287,699,82602.26,4,493.31,97141,1133,145373.42,3,806.99,113369,1225,231209.75,2,540.14,110125,511,110653.17,3,557.19,78330,307,72932.21,0,0,0,26,7742.89,1,87.28,140557,184,29483.42,0,0,0,3,1570.71,3,241.80,91361,22091111,1,141.02,97651,13770763,10,2261.39,104234,235713809,11,866.82,65073,1717,345096.79,0,0,0,327,47261.49,14,2644.21,102706,4104,683366.55
20160820,0,0,0,677,79892.66,0,0,0,1113,142180.48,0,0,0,1204,227458.32,0,0,0,917,184534.78,0,0,0,279,67502.98,0,0,0,25,7578.33,0,0,0,183,29395.89,0,0,0,3,1570.71,0,0,0,0,0,0,0,0,0,0,0,0,1,501.91,205017,1689,341623.33,0,0,0,327,47261.49,0,0,0,4439,743106.27
20160822,0,0,0,677,79892.66,0,0,0,1112,142101.86,0,0,0,1204,227458.32,0,0,0,917,184534.78,0,0,0,279,67502.98,0,0,0,25,7578.33,0,0,0,183,29395.89,0,0,0,3,1570.71,0,0,0,0,0,0,0,0,0,0,0,0,0,0,0,1689,341623.33,0,0,0,327,47261.49,0,0,0,4438,743027.65
20160823,0,0,0,677,79892.66,1,88.28,46217,1345,159468.02,0,0,0,1554,261694.86,0,0,0,916,184212.98,0,0,0,279,67502.98,0,0,0,25,7578.33,0,0,0,183,29395.89,0,0,0,3,1570.71,1,88.28,46217,4080000,0,0,0,0,0,0,0,0,3,268.64,63282,1686,341354.69,0,0,0,327,47261.49,1,88.28,46217,5020,794308.55
20160824,0,0,0,677,79892.66,0,0,0,1344,159385.17,1,342.36,118514,1554,261484.24,0,0,0,916,184212.98,0,0,0,279,67502.98,0,0,0,25,7578.33,0,0,0,183,29395.89,0,0,0,3,1570.71,0,0,0,0,0,0,0,0,1,342.36,118514,40574528,14,1164.11,65481,1672,340190.58,0,0,0,327,47261.49,1,342.36,118514,5019,794015.08
20160825,0,0,0,677,79892.66,0,0,0,1344,159385.17,0,0,0,1554,261484.24,0,0,0,916,184212.98,0,0,0,279,67502.98,0,0,0,25,7578.33,0,0,0,183,29395.89,0,0,0,3,1570.71,0,0,0,0,0,0,0,0,0,0,0,0,0,0,0,1672,340190.58,0,0,0,327,47261.49,0,0,0,5019,794015.08
20160826,1,88.49,122533,676,79804.17,1,140.50,96847,1342,159167.17,0,0,0,1553,261394.32,0,0,0,916,184212.98,1,546.65,148998,277,66697.74,0,0,0,25,7578.33,0,0,0,183,29395.89,0,0,0,3,1570.71,1,88.49,122533,10842938,1,140.50,96847,13607063,1,546.65,148998,81449786,3,582.18,62649,1669,339608.40,0,0,0,327,47261.49,3,775.64,136532,5013,792813.43
20160829,0,0,0,676,79804.17,0,0,0,1396,163903.82,0,0,0,1553,261394.32,0,0,0,916,184212.98,0,0,0,277,66697.74,0,0,0,25,7578.33,0,0,0,183,29395.89,0,0,0,3,1570.71,0,0,0,0,0,0,0,0,0,0,0,0,0,0,0,1669,339608.40,0,0,0,327,47261.49,0,0,0,5067,797550.08
20160830,3,237.06,36168,673,79567.11,4,338.94,48432,1393,163646.25,0,0,0,1554,261521.76,0,0,0,910,183082.89,0,0,0,277,66697.74,0,0,0,25,7578.33,0,0,0,183,29395.89,0,0,0,3,1570.71,7,576,43385,24989619,0,0,0,0,0,0,0,0,0,0,0,1669,339608.40,0,0,0,327,47261.49,7,576,43385,5056,796052.80
20160831,0,0,0,673,79567.11,2,170.04,53634,1391,163476.21,1,129.16,56578,1553,261392.60,0,0,0,910,183082.89,0,0,0,277,66697.74,0,0,0,25,7578.33,0,0,0,183,29395.89,0,0,0,3,1570.71,2,170.04,53634,9119905,1,129.16,56578,7307664,0,0,0,0,0,0,0,1669,339608.40,0,0,0,327,47261.49,3,299.20,54905,5053,795753.60
20160901,0,0,0,673,79567.11,2,177.34,46777,1389,163298.87,0,0,0,1552,261302.90,0,0,0,910,183082.89,0,0,0,277,66697.74,0,0,0,25,7578.33,0,0,0,183,29395.89,0,0,0,3,1570.71,2,177.34,46777,8295411,0,0,0,0,0,0,0,0,1,194.08,63330,1668,339414.32,0,0,0,327,47261.49,2,177.34,46777,5050,795486.56
20160902,14,1706.57,98401,659,77860.54,30,4933.48,107352,1369,158969.03,35,7787.94,108324,1520,253782.42,34,7346.35,97761,876,175536.79,29,5892.50,91397,250,61251.25,3,547.26,76293,22,7031.07,1,78.87,148833,182,29317.02,0,0,0,3,1570.71,29,2521.82,75055,189274169,3,385.14,74007,28503030,114,25386.01,103743,2633628706,59,5864.79,65349,1609,333549.53,0,0,0,327,47261.49,146,28292.97,100781,4919,768310.95
20160904,0,0,0,658,77701.24,2,167.15,52420,1696,186515.91,0,0,0,1693,275042.24,0,0,0,871,174311.64,0,0,0,348,94940.07,0,0,0,22,7031.07,0,0,0,183,30597.92,0,0,0,3,1570.71,2,167.15,52420,8761972,0,0,0,0,0,0,0,0,0,0,0,1603,333048.87,0,0,0,327,47261.49,2,167.15,52420,5508,850792.55
20160905,0,0,0,658,77701.24,0,0,0,1694,186348.77,0,0,0,1693,275042.24,0,0,0,871,174311.64,0,0,0,348,94940.07,0,0,0,22,7031.07,0,0,0,183,30597.92,0,0,0,3,1570.71,0,0,0,0,0,0,0,0,0,0,0,0,0,0,0,1603,333048.87,0,0,0,327,47261.49,0,0,0,5506,850625.41
20160906,0,0,0,658,77701.24,1,82.50,42071,1692,186188.56,0,0,0,1693,275042.24,0,0,0,871,174311.64,0,0,0,348,94940.07,0,0,0,22,7031.07,0,0,0,183,30597.92,0,0,0,3,1570.71,3,197.54,50082,9893204,0,0,0,0,0,0,0,0,12,1321.72,66005,1591,331727.15,0,0,0,327,47261.49,3,197.54,50082,5502,850350.16
20160907,2,164.17,59003,656,77537.07,0,0,0,1692,186188.56,0,0,0,1693,275042.24,0,0,0,871,174311.64,0,0,0,348,94940.07,0,0,0,22,7031.07,0,0,0,183,30597.92,0,0,0,3,1570.71,2,164.17,59003,9686485,0,0,0,0,0,0,0,0,1,66.94,64335,1590,331660.21,0,0,0,327,47261.49,2,164.17,59003,5500,850185.99
20160908,0,0,0,656,77537.07,1,227.25,112546,1691,185961.31,3,385.31,76444,1691,274745.53,3,710.49,91727,870,174100.74,1,543.12,137980,347,94396.95,0,0,0,22,7031.07,1,87.53,148987,182,30510.39,0,0,0,3,1570.71,5,379.81,74825,28419258,1,132.27,74909,9908158,6,1645.30,109085,179476731,5,468.64,66063,1585,331191.57,0,0,0,327,47261.49,12,2157.38,100958,5491,848616.80
20160911,2,173.64,83381,652,77024.26,1,338.59,126494,1688,185462.86,3,426.89,124464,1678,272355.07,2,395.50,84589,864,173042.02,1,186.50,67655,346,94210.85,0,0,0,22,7031.07,0,0,0,180,30344.56,0,0,0,3,1570.71,4,337.58,76710,25895704,0,0,0,0,5,1183.54,110362,130617290,0,0,0,1579,330691.39,0,0,0,327,47261.49,9,1521.12,102893,5460,843602.60
20160912,1,85.18,95165,651,76939.08,1,88.32,65902,1687,185374.54,3,522.05,116078,1676,271959.85,3,486.20,84904,861,172555.82,1,186,74635,345,94024.85,0,0,0,22,7031.07,0,0,0,180,30344.56,0,0,0,3,1570.71,3,263.19,78749,20725870,2,259.10,72073,18674144,4,845.46,106791,90287799,0,0,0,1579,330691.39,0,0,0,327,47261.49,9,1367.75,94818,5452,842361.68
20160913,1,168.40,102595,650,76770.68,1,88.32,70180,1685,185197.91,4,722,101971,1673,271539.02,4,851.35,117481,857,171704.47,1,184.02,77192,344,93840.83,0,0,0,22,7031.07,1,87.22,124597,179,30257.34,0,0,0,3,1570.71,4,353.89,84596,29937534,0,0,0,0,8,1747.42,110020,192250455,1,67.42,61658,1578,330623.97,0,0,0,327,47261.49,12,2101.31,105738,5440,840473.23
20160918,1,168.40,104112,645,76168.67,0,0,0,1678,184242.37,4,662.71,104035,1660,269314.76,1,210.90,85555,852,170499.32,0,0,0,343,93586.21,0,0,0,22,7031.07,1,87.15,136401,174,28628.74,0,0,0,3,1570.71,3,250.76,92974,23314037,0,0,0,0,4,878.40,105982,93094526,0,0,0,1577,330556.65,0,0,0,327,47261.49,7,1129.16,103093,5404,833603.05
20160919,2,247.19,99708,643,75921.48,1,88.62,68031,1674,183885.06,3,508.72,108602,1656,268717.71,1,157.05,66524,851,170342.27,0,0,0,343,93586.21,1,207.55,66123,21,6823.52,1,86.54,150691,173,28542.20,0,0,0,3,1570.71,4,338.85,98096,33239856,1,132.27,76926,10175006,4,824.55,96684,79721146,3,163.84,79580,1574,330392.81,0,0,0,327,47261.49,9,1295.67,95037,5391,831950.36
20160920,0,0,0,643,75921.48,3,404.80,98488,1671,183480.26,9,1120.71,76442,1648,267896.99,2,358.45,73878,848,169799.33,0,0,0,343,93586.21,1,164.56,83962,20,6658.96,1,87.22,142508,172,28454.98,0,0,0,3,1570.71,9,774.01,52158,40370647,0,0,0,0,7,1361.73,101264,137893855,1,2520.67,8000,1573,327872.14,0,0,0,327,47261.49,16,2135.74,83467,5375,829930.12
20160921,1,87.15,80896,642,75834.33,3,643.89,134621,1339,154856.78,3,471.50,113334,1469,245645.59,2,395.39,74213,847,169588.43,1,186.68,83808,299,84812.32,0,0,0,20,6658.96,0,0,0,172,28454.98,0,0,0,3,1570.71,3,251.11,77133,19368878,1,134.62,79045,10641038,6,1398.88,115912,162146513,0,0,0,1573,327872.14,0,0,0,327,47261.49,10,1784.61,107674,4818,769983.30
20160922,1,158.96,100418,641,75675.37,2,414.29,127020,1870,200441.63,2,307.08,73778,1846,297459.86,1,177.68,71814,944,188513.78,2,440.91,81539,339,92772.62,0,0,0,20,6658.96,0,0,0,172,28454.98,0,0,0,3,1570.71,1,77.50,66815,5178156,0,0,0,0,7,1421.42,94816,134773992,1,194.18,65545,1784,370282.67,0,0,0,327,47261.49,8,1498.92,93369,5862,894109.11
20160926,0,0,0,637,75089.52,1,75.20,60201,1854,198774.45,2,313.33,84599,1838,295972.67,3,664.98,106356,935,186780.32,2,729.15,115203,334,91487.61,0,0,0,19,6490.69,0,0,0,171,28367.74,0,0,0,3,1570.71,1,75.20,60201,4527084,0,0,0,0,7,1707.46,106141,181232304,0,0,0,1783,370148.84,0,0,0,327,47261.49,8,1782.66,104203,5817,886950.82
20160927,2,328.28,122539,635,74761.24,1,84.92,39202,1853,198689.53,5,955.44,94936,1834,295107.15,3,517.87,72596,932,186262.45,0,0,0,334,91487.61,0,0,0,19,6490.69,1,87.24,149037,170,28280.50,0,0,0,3,1570.71,3,262.08,84680,22192823,2,261.02,71407,18638734,7,1450.65,99285,144027624,0,0,0,1783,370148.84,0,0,0,327,47261.49,12,1973.75,93659,5806,885066.99
